{
    "einstein_radius": 0.4805189874818366,
    "F115W_lens_magnitude_ab": 20.952583862932034,
    "F115W_lensed_source_magnitude_ab": 22.619770535468113,
    "F115W_source_magnitude_ab": 23.332941831033295,
    "F115W_magnification": 2.562218728979315,
    "F115W_max_lensed_source_signal_to_noise_ratio": 9.035224384062237,
    "F277W_lens_magnitude_ab": 18.514285887989622,
    "F277W_lensed_source_magnitude_ab": 21.862561007815007,
    "F277W_source_magnitude_ab": 21.606455515842505,
    "F277W_magnification": 2.834491818857307,
    "F277W_max_lensed_source_signal_to_noise_ratio": 29.39238221363814,
    "F444W_lens_magnitude_ab": 18.702570969970633,
    "F444W_lensed_source_magnitude_ab": 22.218783376896294,
    "F444W_source_magnitude_ab": 21.989379083473338,
    "F444W_magnification": 2.758221653845987,
    "F444W_max_lensed_source_signal_to_noise_ratio": 27.35439410235614
}