{
    "einstein_radius": 0.4115048046407184,
    "F277W_lens_magnitude_ab": 20.443247499434747,
    "F277W_lensed_source_magnitude_ab": 24.49520534817019,
    "F277W_source_magnitude_ab": 24.496692175687464,
    "F277W_magnification": 4.513812958824875,
    "F277W_max_lensed_source_signal_to_noise_ratio": 2.911697518476623,
    "F444W_lens_magnitude_ab": 20.597408916227558,
    "F444W_lensed_source_magnitude_ab": Infinity,
    "F444W_source_magnitude_ab": Infinity,
    "F444W_magnification": NaN,
    "F444W_max_lensed_source_signal_to_noise_ratio": 0.0,
    "F150W_lens_magnitude_ab": 22.26661120864433,
    "F150W_lensed_source_magnitude_ab": 23.139338500485373,
    "F150W_source_magnitude_ab": 25.553399404347676,
    "F150W_magnification": 2.038826901890129,
    "F150W_max_lensed_source_signal_to_noise_ratio": 1.7277206660189892,
    "F115W_lens_magnitude_ab": 22.500859620005684,
    "F115W_lensed_source_magnitude_ab": 23.492285232586532,
    "F115W_source_magnitude_ab": 25.667558671076527,
    "F115W_magnification": 2.14361828803194,
    "F115W_max_lensed_source_signal_to_noise_ratio": 1.7897582854655214
}