{
    "einstein_radius": 1.5061293460906113,
    "F444W_lens_magnitude_ab": 15.615549674625857,
    "F444W_lensed_source_magnitude_ab": 19.727305036230568,
    "F444W_source_magnitude_ab": 21.244982554016165,
    "F444W_magnification": 4.491931138805937,
    "F444W_max_lensed_source_signal_to_noise_ratio": 17.513318711861867,
    "F277W_lens_magnitude_ab": 14.921062517616441,
    "F277W_lensed_source_magnitude_ab": 19.110348656484216,
    "F277W_source_magnitude_ab": 20.698199285012098,
    "F277W_magnification": 4.410725800756251,
    "F277W_max_lensed_source_signal_to_noise_ratio": 23.871490157151428,
    "F150W_lens_magnitude_ab": 16.47678372324178,
    "F150W_lensed_source_magnitude_ab": 19.29108985326115,
    "F150W_source_magnitude_ab": 22.247301615353827,
    "F150W_magnification": 4.264566221274668,
    "F150W_max_lensed_source_signal_to_noise_ratio": 12.294158908908011,
    "F115W_lens_magnitude_ab": 16.841613488793215,
    "F115W_lensed_source_magnitude_ab": 19.65736860359099,
    "F115W_source_magnitude_ab": 22.812112425625,
    "F115W_magnification": 4.205291950516465,
    "F115W_max_lensed_source_signal_to_noise_ratio": 8.590794857459555
}