{
    "einstein_radius": 0.41446809600910917,
    "F277W_lens_magnitude_ab": 18.8118464974409,
    "F277W_lensed_source_magnitude_ab": 23.33168420260666,
    "F277W_source_magnitude_ab": 23.256379094605407,
    "F277W_magnification": 2.406189093957287,
    "F277W_max_lensed_source_signal_to_noise_ratio": 15.148927441476838,
    "F444W_lens_magnitude_ab": 19.19280623901809,
    "F444W_lensed_source_magnitude_ab": 23.973590106367457,
    "F444W_source_magnitude_ab": 23.695794457148637,
    "F444W_magnification": 2.0039551913461984,
    "F444W_max_lensed_source_signal_to_noise_ratio": 7.642282442962218,
    "F150W_lens_magnitude_ab": 20.461274120780224,
    "F150W_lensed_source_magnitude_ab": 23.088713852046347,
    "F150W_source_magnitude_ab": 23.942582331603106,
    "F150W_magnification": 1.82234325818356,
    "F150W_max_lensed_source_signal_to_noise_ratio": 8.95697284341391,
    "F115W_lens_magnitude_ab": 20.714629408414837,
    "F115W_lensed_source_magnitude_ab": 23.48333724360583,
    "F115W_source_magnitude_ab": 24.307374487055117,
    "F115W_magnification": 2.3960706418561735,
    "F115W_max_lensed_source_signal_to_noise_ratio": 6.6084071135389895
}