{
    "einstein_radius": 0.6975919023248036,
    "F150W_lens_magnitude_ab": 18.156369098843456,
    "F150W_lensed_source_magnitude_ab": 21.549846904425802,
    "F150W_source_magnitude_ab": 19.018955276212488,
    "F150W_magnification": 3.151482646594955,
    "F150W_max_lensed_source_signal_to_noise_ratio": 36.910590191741534,
    "F277W_lens_magnitude_ab": 16.090920406096267,
    "F277W_lensed_source_magnitude_ab": 21.52015811887762,
    "F277W_source_magnitude_ab": 22.16953773584184,
    "F277W_magnification": 2.5177844608681452,
    "F277W_max_lensed_source_signal_to_noise_ratio": 15.534265070109349,
    "F444W_lens_magnitude_ab": 16.262733139675625,
    "F444W_lensed_source_magnitude_ab": 21.760877918343176,
    "F444W_source_magnitude_ab": 22.561103074883874,
    "F444W_magnification": 2.013599638175986,
    "F444W_max_lensed_source_signal_to_noise_ratio": 8.617206532834238,
    "F115W_lens_magnitude_ab": 18.922459234069773,
    "F115W_lensed_source_magnitude_ab": 22.03931809347771,
    "F115W_source_magnitude_ab": 21.200381814322917,
    "F115W_magnification": 2.5863388450439273,
    "F115W_max_lensed_source_signal_to_noise_ratio": 34.81380970417209
}