{
    "einstein_radius": 2.1115221193796043,
    "F277W_lens_magnitude_ab": 15.978350438592631,
    "F277W_lensed_source_magnitude_ab": 21.019299680047972,
    "F277W_source_magnitude_ab": 22.160664535047868,
    "F277W_magnification": 3.1804004941223005,
    "F277W_max_lensed_source_signal_to_noise_ratio": 7.91042153709937,
    "F444W_lens_magnitude_ab": 16.267757030332483,
    "F444W_lensed_source_magnitude_ab": 21.233088688393423,
    "F444W_source_magnitude_ab": 22.42652403426595,
    "F444W_magnification": 3.4313020022887444,
    "F444W_max_lensed_source_signal_to_noise_ratio": 6.732554277809179,
    "F150W_lens_magnitude_ab": 18.660130249913685,
    "F150W_lensed_source_magnitude_ab": 20.891200642515066,
    "F150W_source_magnitude_ab": 21.824140767842117,
    "F150W_magnification": 3.6415427411311128,
    "F150W_max_lensed_source_signal_to_noise_ratio": 19.083488216638575
}