{
    "einstein_radius": 0.6798264482829105,
    "F277W_lens_magnitude_ab": 17.285518874517784,
    "F277W_lensed_source_magnitude_ab": 21.446659345946244,
    "F277W_source_magnitude_ab": 21.516828741950913,
    "F277W_magnification": 4.491322021609464,
    "F277W_max_lensed_source_signal_to_noise_ratio": 24.672341829362413,
    "F444W_lens_magnitude_ab": 17.50453587392024,
    "F444W_lensed_source_magnitude_ab": 21.542450273946276,
    "F444W_source_magnitude_ab": 21.396976084001842,
    "F444W_magnification": 3.99705896730763,
    "F444W_max_lensed_source_signal_to_noise_ratio": 25.046288076416115,
    "F150W_lens_magnitude_ab": 19.815231578558276,
    "F150W_lensed_source_magnitude_ab": 21.785152095840093,
    "F150W_source_magnitude_ab": 22.210104424662692,
    "F150W_magnification": 4.490414154427036,
    "F150W_max_lensed_source_signal_to_noise_ratio": 15.300507034480143,
    "F115W_lens_magnitude_ab": 20.409974534974236,
    "F115W_lensed_source_magnitude_ab": 22.04822070779821,
    "F115W_source_magnitude_ab": 23.246153306725077,
    "F115W_magnification": 5.016227755771597,
    "F115W_max_lensed_source_signal_to_noise_ratio": 7.615214416359462
}