{
    "einstein_radius": 0.5508495560527757,
    "F277W_lens_magnitude_ab": 19.921423585678127,
    "F277W_lensed_source_magnitude_ab": 24.07306516872257,
    "F277W_source_magnitude_ab": 24.40896061516195,
    "F277W_magnification": 2.3201149963730168,
    "F277W_max_lensed_source_signal_to_noise_ratio": 4.503105615028398,
    "F444W_lens_magnitude_ab": 20.382299589636876,
    "F444W_lensed_source_magnitude_ab": Infinity,
    "F444W_source_magnitude_ab": Infinity,
    "F444W_magnification": NaN,
    "F444W_max_lensed_source_signal_to_noise_ratio": 0.0,
    "F150W_lens_magnitude_ab": 21.31459168560689,
    "F150W_lensed_source_magnitude_ab": 24.065724302290846,
    "F150W_source_magnitude_ab": 24.86061904780574,
    "F150W_magnification": 2.4286080026258334,
    "F150W_max_lensed_source_signal_to_noise_ratio": 5.046232852664631,
    "F115W_lens_magnitude_ab": 21.522890107528646,
    "F115W_lensed_source_magnitude_ab": 24.182541876485402,
    "F115W_source_magnitude_ab": 24.956674356166666,
    "F115W_magnification": 2.7828903000830576,
    "F115W_max_lensed_source_signal_to_noise_ratio": 3.7516907645047604
}