{
    "einstein_radius": 0.26957593846203837,
    "F444W_lens_magnitude_ab": 20.5524128217533,
    "F444W_lensed_source_magnitude_ab": 23.976467990848402,
    "F444W_source_magnitude_ab": 23.839585051014744,
    "F444W_magnification": 2.574050302192991,
    "F444W_max_lensed_source_signal_to_noise_ratio": 7.150160350832276,
    "F277W_lens_magnitude_ab": 20.529500258483896,
    "F277W_lensed_source_magnitude_ab": 23.914997262434323,
    "F277W_source_magnitude_ab": 23.613571920857616,
    "F277W_magnification": 2.6173487221873826,
    "F277W_max_lensed_source_signal_to_noise_ratio": 8.132259571205793,
    "F150W_lens_magnitude_ab": 22.41159668156066,
    "F150W_lensed_source_magnitude_ab": 23.9436915583925,
    "F150W_source_magnitude_ab": 24.353684406608227,
    "F150W_magnification": 1.8976451944307384,
    "F150W_max_lensed_source_signal_to_noise_ratio": 5.205140134409661,
    "F115W_lens_magnitude_ab": 22.292554259779116,
    "F115W_lensed_source_magnitude_ab": 24.060633144852062,
    "F115W_source_magnitude_ab": 24.572345234981775,
    "F115W_magnification": 1.9191233174552593,
    "F115W_max_lensed_source_signal_to_noise_ratio": 6.167458297198781
}