{
    "einstein_radius": 0.3006360811981884,
    "F277W_lens_magnitude_ab": 16.703964197270892,
    "F277W_lensed_source_magnitude_ab": 20.134243807638043,
    "F277W_source_magnitude_ab": 19.46151817622421,
    "F277W_magnification": 1.8616011529152843,
    "F277W_max_lensed_source_signal_to_noise_ratio": 52.84645887370889,
    "F444W_lens_magnitude_ab": 17.307492636735972,
    "F444W_lensed_source_magnitude_ab": 20.576808702981452,
    "F444W_source_magnitude_ab": 20.108173317858466,
    "F444W_magnification": 1.855154410116428,
    "F444W_max_lensed_source_signal_to_noise_ratio": 48.27030019594975,
    "F150W_lens_magnitude_ab": 18.91451887278634,
    "F150W_lensed_source_magnitude_ab": 20.70211762479361,
    "F150W_source_magnitude_ab": 21.675028621473988,
    "F150W_magnification": 1.6465486267461078,
    "F150W_max_lensed_source_signal_to_noise_ratio": 16.121203117954007,
    "F115W_lens_magnitude_ab": 19.484585018707143,
    "F115W_lensed_source_magnitude_ab": 21.043266215892967,
    "F115W_source_magnitude_ab": 22.242819291603826,
    "F115W_magnification": 1.5573460729669864,
    "F115W_max_lensed_source_signal_to_noise_ratio": 10.934058877300512
}