{
    "einstein_radius": 0.44676022745869076,
    "F277W_lens_magnitude_ab": 20.280868730575285,
    "F277W_lensed_source_magnitude_ab": 24.64164908056273,
    "F277W_source_magnitude_ab": 24.20150424939243,
    "F277W_magnification": 1.9214874443096186,
    "F277W_max_lensed_source_signal_to_noise_ratio": 6.837762086970679,
    "F444W_lens_magnitude_ab": 20.754491638347655,
    "F444W_lensed_source_magnitude_ab": 25.95725203076878,
    "F444W_source_magnitude_ab": 24.92951386422275,
    "F444W_magnification": 2.0736411626203233,
    "F444W_max_lensed_source_signal_to_noise_ratio": 4.505606888469574,
    "F150W_lens_magnitude_ab": 22.346772072784702,
    "F150W_lensed_source_magnitude_ab": 24.344389064602513,
    "F150W_source_magnitude_ab": 24.74848362410817,
    "F150W_magnification": 2.1735144252795267,
    "F150W_max_lensed_source_signal_to_noise_ratio": 4.04760783107304,
    "F115W_lens_magnitude_ab": 22.468574868809114,
    "F115W_lensed_source_magnitude_ab": 24.231503661721785,
    "F115W_source_magnitude_ab": 25.398198952489647,
    "F115W_magnification": 2.0003279171441135,
    "F115W_max_lensed_source_signal_to_noise_ratio": 3.3707341361645264
}