{
    "einstein_radius": 0.3524326961278434,
    "F150W_lens_magnitude_ab": 21.468051734018623,
    "F150W_lensed_source_magnitude_ab": 23.82742002334968,
    "F150W_source_magnitude_ab": 24.24079407425143,
    "F150W_magnification": 1.9802366406062175,
    "F150W_max_lensed_source_signal_to_noise_ratio": 8.89124721702597,
    "F277W_lens_magnitude_ab": 18.75589072276975,
    "F277W_lensed_source_magnitude_ab": 23.73904680454924,
    "F277W_source_magnitude_ab": 23.617409360672383,
    "F277W_magnification": 2.2768503841094017,
    "F277W_max_lensed_source_signal_to_noise_ratio": 8.44631779482,
    "F444W_lens_magnitude_ab": 18.336424261142405,
    "F444W_lensed_source_magnitude_ab": 23.740044771901832,
    "F444W_source_magnitude_ab": 23.288854398110907,
    "F444W_magnification": 2.190099363382526,
    "F444W_max_lensed_source_signal_to_noise_ratio": 6.175157208314974,
    "F115W_lens_magnitude_ab": 22.18246713763117,
    "F115W_lensed_source_magnitude_ab": 24.156996545089324,
    "F115W_source_magnitude_ab": 24.577996970854187,
    "F115W_magnification": 2.048177367607637,
    "F115W_max_lensed_source_signal_to_noise_ratio": 6.47611456676595
}