{
    "einstein_radius": 0.7975089369286974,
    "F150W_lens_magnitude_ab": 20.57172730575376,
    "F150W_lensed_source_magnitude_ab": 21.697669281068798,
    "F150W_source_magnitude_ab": 23.38566337230349,
    "F150W_magnification": 3.643625508490559,
    "F150W_max_lensed_source_signal_to_noise_ratio": 8.224788333355738,
    "F277W_lens_magnitude_ab": 18.532067340243984,
    "F277W_lensed_source_magnitude_ab": 21.790380614926647,
    "F277W_source_magnitude_ab": 22.463465707612514,
    "F277W_magnification": 4.086929687824784,
    "F277W_max_lensed_source_signal_to_noise_ratio": 7.895605380549711,
    "F444W_lens_magnitude_ab": 18.858260563802816,
    "F444W_lensed_source_magnitude_ab": 22.73538657276801,
    "F444W_source_magnitude_ab": 23.780921677535268,
    "F444W_magnification": 4.19061323759721,
    "F444W_max_lensed_source_signal_to_noise_ratio": 3.0610342268887956,
    "F115W_lens_magnitude_ab": 20.687300422343483,
    "F115W_lensed_source_magnitude_ab": 21.964026854385175,
    "F115W_source_magnitude_ab": 23.897453169803274,
    "F115W_magnification": 3.599849197793077,
    "F115W_max_lensed_source_signal_to_noise_ratio": 7.133040093835704
}