{
    "einstein_radius": 0.38886900070221647,
    "F277W_lens_magnitude_ab": 18.2191859645378,
    "F277W_lensed_source_magnitude_ab": 20.906782055924758,
    "F277W_source_magnitude_ab": 20.00739858367088,
    "F277W_magnification": 3.4803057160442443,
    "F277W_max_lensed_source_signal_to_noise_ratio": 38.186500908689744,
    "F444W_lens_magnitude_ab": 18.091809115336815,
    "F444W_lensed_source_magnitude_ab": 20.930248642623432,
    "F444W_source_magnitude_ab": 20.372797034415864,
    "F444W_magnification": 3.9101179488090687,
    "F444W_max_lensed_source_signal_to_noise_ratio": 34.048206507939454,
    "F150W_lens_magnitude_ab": 20.81550250899144,
    "F150W_lensed_source_magnitude_ab": 21.689203294387326,
    "F150W_source_magnitude_ab": 22.528070562986645,
    "F150W_magnification": 2.8099085507246895,
    "F150W_max_lensed_source_signal_to_noise_ratio": 10.950508535233059,
    "F115W_lens_magnitude_ab": 21.611054100747577,
    "F115W_lensed_source_magnitude_ab": 21.996511996248408,
    "F115W_source_magnitude_ab": 23.411209347103853,
    "F115W_magnification": 2.570539621675447,
    "F115W_max_lensed_source_signal_to_noise_ratio": 7.039672064070721
}