{
    "einstein_radius": 0.23469042309192303,
    "F150W_lens_magnitude_ab": 23.57527529460511,
    "F150W_lensed_source_magnitude_ab": 23.141818179326442,
    "F150W_source_magnitude_ab": 23.691234478334813,
    "F150W_magnification": 1.707156599865246,
    "F150W_max_lensed_source_signal_to_noise_ratio": 8.114461877891632,
    "F277W_lens_magnitude_ab": 20.716386900226503,
    "F277W_lensed_source_magnitude_ab": 23.040392494413748,
    "F277W_source_magnitude_ab": 22.956895438498584,
    "F277W_magnification": 1.8183822944002477,
    "F277W_max_lensed_source_signal_to_noise_ratio": 12.304905352245894,
    "F444W_lens_magnitude_ab": 20.377755336921567,
    "F444W_lensed_source_magnitude_ab": 22.599141374040407,
    "F444W_source_magnitude_ab": 23.15283620878022,
    "F444W_magnification": 1.7021268658766533,
    "F444W_max_lensed_source_signal_to_noise_ratio": 14.600996097888592,
    "F115W_lens_magnitude_ab": 23.404929383460473,
    "F115W_lensed_source_magnitude_ab": 24.023842654901525,
    "F115W_source_magnitude_ab": 25.296051103519332,
    "F115W_magnification": 1.3543058900925526,
    "F115W_max_lensed_source_signal_to_noise_ratio": 4.699745465406247
}