{
    "einstein_radius": 0.8272086366322151,
    "F444W_lens_magnitude_ab": 19.014749199443614,
    "F444W_lensed_source_magnitude_ab": 22.809965445295163,
    "F444W_source_magnitude_ab": 23.542292823607696,
    "F444W_magnification": 4.375435392026539,
    "F444W_max_lensed_source_signal_to_noise_ratio": 5.141647501297059,
    "F277W_lens_magnitude_ab": 19.123080928410076,
    "F277W_lensed_source_magnitude_ab": 23.065389834481014,
    "F277W_source_magnitude_ab": 23.43017910636449,
    "F277W_magnification": 5.650887995200444,
    "F277W_max_lensed_source_signal_to_noise_ratio": 5.449959948850891,
    "F150W_lens_magnitude_ab": 22.045130802866545,
    "F150W_lensed_source_magnitude_ab": 22.954083970483147,
    "F150W_source_magnitude_ab": 24.98673157251606,
    "F150W_magnification": 4.610781484671046,
    "F150W_max_lensed_source_signal_to_noise_ratio": 3.829868412685937,
    "F115W_lens_magnitude_ab": 22.666643368290984,
    "F115W_lensed_source_magnitude_ab": 23.427574264700326,
    "F115W_source_magnitude_ab": 24.13251897103146,
    "F115W_magnification": 4.749298888636406,
    "F115W_max_lensed_source_signal_to_noise_ratio": 4.683367412704985
}