{
    "einstein_radius": 0.388703511519185,
    "F150W_lens_magnitude_ab": 19.507831848464182,
    "F150W_lensed_source_magnitude_ab": 22.962566360486157,
    "F150W_source_magnitude_ab": 24.38372074609276,
    "F150W_magnification": 1.9386102754196037,
    "F150W_max_lensed_source_signal_to_noise_ratio": 5.5714872868737295,
    "F277W_lens_magnitude_ab": 16.935689705497925,
    "F277W_lensed_source_magnitude_ab": 22.946133109603938,
    "F277W_source_magnitude_ab": 23.737951302015446,
    "F277W_magnification": 2.0860742239941445,
    "F277W_max_lensed_source_signal_to_noise_ratio": 12.27013182048184,
    "F444W_lens_magnitude_ab": 17.127370986716222,
    "F444W_lensed_source_magnitude_ab": 23.53707423397389,
    "F444W_source_magnitude_ab": 23.632736956636695,
    "F444W_magnification": 2.1129835516121203,
    "F444W_max_lensed_source_signal_to_noise_ratio": 8.624423490561139,
    "F115W_lens_magnitude_ab": 20.272591852887302,
    "F115W_lensed_source_magnitude_ab": 23.004257965512053,
    "F115W_source_magnitude_ab": 24.27168283929801,
    "F115W_magnification": 1.5884317302162723,
    "F115W_max_lensed_source_signal_to_noise_ratio": 5.509746740662818
}