{
    "einstein_radius": 0.9315031882646659,
    "F277W_lens_magnitude_ab": 19.71325829957636,
    "F277W_lensed_source_magnitude_ab": 24.54014705620227,
    "F277W_source_magnitude_ab": 25.202273596095456,
    "F277W_magnification": 1.7923161321626166,
    "F277W_max_lensed_source_signal_to_noise_ratio": 1.908601091117772,
    "F444W_lens_magnitude_ab": 19.37998854396039,
    "F444W_lensed_source_magnitude_ab": 45.35956174581155,
    "F444W_source_magnitude_ab": 45.65633809660385,
    "F444W_magnification": 1.746133245476878,
    "F444W_max_lensed_source_signal_to_noise_ratio": 1.9424966968121365e-09,
    "F150W_lens_magnitude_ab": 22.490765534215562,
    "F150W_lensed_source_magnitude_ab": 24.433557726119545,
    "F150W_source_magnitude_ab": 26.57217292580553,
    "F150W_magnification": 2.2472495010357427,
    "F150W_max_lensed_source_signal_to_noise_ratio": 2.245385432830911,
    "F115W_lens_magnitude_ab": 22.34274095535033,
    "F115W_lensed_source_magnitude_ab": Infinity,
    "F115W_source_magnitude_ab": Infinity,
    "F115W_magnification": NaN,
    "F115W_max_lensed_source_signal_to_noise_ratio": 0.0
}