{
    "einstein_radius": 1.6544162271697336,
    "F277W_lens_magnitude_ab": 18.629580342644118,
    "F277W_lensed_source_magnitude_ab": Infinity,
    "F277W_source_magnitude_ab": Infinity,
    "F277W_magnification": NaN,
    "F277W_max_lensed_source_signal_to_noise_ratio": 0.0,
    "F444W_lens_magnitude_ab": 19.374399504165453,
    "F444W_lensed_source_magnitude_ab": Infinity,
    "F444W_source_magnitude_ab": Infinity,
    "F444W_magnification": NaN,
    "F444W_max_lensed_source_signal_to_noise_ratio": 0.0,
    "F150W_lens_magnitude_ab": 19.730722265785246,
    "F150W_lensed_source_magnitude_ab": 24.746271386216783,
    "F150W_source_magnitude_ab": 25.476442348902786,
    "F150W_magnification": 11.055013961609752,
    "F150W_max_lensed_source_signal_to_noise_ratio": 0.8363690404931681,
    "F115W_lens_magnitude_ab": 19.87192402132767,
    "F115W_lensed_source_magnitude_ab": 43.70824986144907,
    "F115W_source_magnitude_ab": 45.289006449493115,
    "F115W_magnification": 9.492307411991463,
    "F115W_max_lensed_source_signal_to_noise_ratio": 6.659218348996557e-09
}