{
    "einstein_radius": 0.5894380823643568,
    "F277W_lens_magnitude_ab": 20.248473574500622,
    "F277W_lensed_source_magnitude_ab": 24.32176317250572,
    "F277W_source_magnitude_ab": 24.35018971225319,
    "F277W_magnification": 6.33088494634069,
    "F277W_max_lensed_source_signal_to_noise_ratio": 3.5743972953162833,
    "F444W_lens_magnitude_ab": 20.336721238128,
    "F444W_lensed_source_magnitude_ab": 24.890211765100062,
    "F444W_source_magnitude_ab": 25.326673928075103,
    "F444W_magnification": 5.5287128524761275,
    "F444W_max_lensed_source_signal_to_noise_ratio": 2.061397456082197,
    "F150W_lens_magnitude_ab": 22.151656781428077,
    "F150W_lensed_source_magnitude_ab": 24.22764424623174,
    "F150W_source_magnitude_ab": 26.34487198440813,
    "F150W_magnification": 4.1340567048872705,
    "F150W_max_lensed_source_signal_to_noise_ratio": 2.5253113768647393,
    "F115W_lens_magnitude_ab": 22.3149749584461,
    "F115W_lensed_source_magnitude_ab": 24.327911006299296,
    "F115W_source_magnitude_ab": 26.254198995275026,
    "F115W_magnification": 5.981240400053807,
    "F115W_max_lensed_source_signal_to_noise_ratio": 2.971927371993564
}