{
    "einstein_radius": 0.7366479319602729,
    "F277W_lens_magnitude_ab": 20.06438863241896,
    "F277W_lensed_source_magnitude_ab": 24.12718431682693,
    "F277W_source_magnitude_ab": 22.929956123445074,
    "F277W_magnification": 3.7600291138895563,
    "F277W_max_lensed_source_signal_to_noise_ratio": 8.948728873151467,
    "F444W_lens_magnitude_ab": 20.27303918156168,
    "F444W_lensed_source_magnitude_ab": 24.637183169789544,
    "F444W_source_magnitude_ab": 24.050949949986503,
    "F444W_magnification": 3.403910532466926,
    "F444W_max_lensed_source_signal_to_noise_ratio": 5.618872684130103,
    "F150W_lens_magnitude_ab": 21.909091751610134,
    "F150W_lensed_source_magnitude_ab": 23.939422118947363,
    "F150W_source_magnitude_ab": 23.745273392008745,
    "F150W_magnification": 2.829730658305319,
    "F150W_max_lensed_source_signal_to_noise_ratio": 7.618670498829655,
    "F115W_lens_magnitude_ab": 22.051486014172593,
    "F115W_lensed_source_magnitude_ab": 24.37059076499439,
    "F115W_source_magnitude_ab": 24.56184060237959,
    "F115W_magnification": 3.361696245305967,
    "F115W_max_lensed_source_signal_to_noise_ratio": 6.6522453285406264
}