{
    "einstein_radius": 0.2552783940767803,
    "F150W_lens_magnitude_ab": 22.137503688573325,
    "F150W_lensed_source_magnitude_ab": 23.391577798051195,
    "F150W_source_magnitude_ab": 24.438014733621294,
    "F150W_magnification": 2.0373963939195967,
    "F150W_max_lensed_source_signal_to_noise_ratio": 6.677417430933863,
    "F277W_lens_magnitude_ab": 19.812077216033018,
    "F277W_lensed_source_magnitude_ab": 23.444931496264253,
    "F277W_source_magnitude_ab": 23.58834257957015,
    "F277W_magnification": 2.708592925509453,
    "F277W_max_lensed_source_signal_to_noise_ratio": 11.264164173960634,
    "F444W_lens_magnitude_ab": 20.12660533958018,
    "F444W_lensed_source_magnitude_ab": 23.892569227569123,
    "F444W_source_magnitude_ab": 24.002650215330874,
    "F444W_magnification": 2.853627106399967,
    "F444W_max_lensed_source_signal_to_noise_ratio": 7.58007724540846,
    "F115W_lens_magnitude_ab": 22.283534005144695,
    "F115W_lensed_source_magnitude_ab": 23.465750996767497,
    "F115W_source_magnitude_ab": 24.46217891486724,
    "F115W_magnification": 2.1472817533037705,
    "F115W_max_lensed_source_signal_to_noise_ratio": 5.770160526503544
}