{
    "einstein_radius": 0.6976874187573716,
    "F277W_lens_magnitude_ab": 17.358028205689486,
    "F277W_lensed_source_magnitude_ab": 20.893165697522473,
    "F277W_source_magnitude_ab": 20.01896895863918,
    "F277W_magnification": 1.8663966959033846,
    "F277W_max_lensed_source_signal_to_noise_ratio": 101.67697425463463,
    "F444W_lens_magnitude_ab": 17.134983711107438,
    "F444W_lensed_source_magnitude_ab": 20.942852605137517,
    "F444W_source_magnitude_ab": 20.944026795363047,
    "F444W_magnification": 1.9656784402235792,
    "F444W_max_lensed_source_signal_to_noise_ratio": 68.17055299124058,
    "F150W_lens_magnitude_ab": 19.902324291109817,
    "F150W_lensed_source_magnitude_ab": 21.475777479323625,
    "F150W_source_magnitude_ab": 21.82012541453139,
    "F150W_magnification": 1.9603855754202442,
    "F150W_max_lensed_source_signal_to_noise_ratio": 51.918569328607866
}