{
    "einstein_radius": 0.6061974277457601,
    "F277W_lens_magnitude_ab": 16.53161312681061,
    "F277W_lensed_source_magnitude_ab": 21.824893815989228,
    "F277W_source_magnitude_ab": 22.29953281698486,
    "F277W_magnification": 2.2230441029348924,
    "F277W_max_lensed_source_signal_to_noise_ratio": 21.589499223731977,
    "F444W_lens_magnitude_ab": 16.976250389773153,
    "F444W_lensed_source_magnitude_ab": 22.50765106926729,
    "F444W_source_magnitude_ab": 22.79486881572938,
    "F444W_magnification": 2.190443835065805,
    "F444W_max_lensed_source_signal_to_noise_ratio": 14.678652686450475,
    "F150W_lens_magnitude_ab": 18.805647545548407,
    "F150W_lensed_source_magnitude_ab": 22.220218527032966,
    "F150W_source_magnitude_ab": 23.158671818345343,
    "F150W_magnification": 2.0529492271645395,
    "F150W_max_lensed_source_signal_to_noise_ratio": 9.487712376553617,
    "F115W_lens_magnitude_ab": 19.49876335765741,
    "F115W_lensed_source_magnitude_ab": 22.504174397863196,
    "F115W_source_magnitude_ab": 24.038848785580992,
    "F115W_magnification": 1.8984175861701804,
    "F115W_max_lensed_source_signal_to_noise_ratio": 7.9509716776971615
}