{
    "einstein_radius": 0.18745226623141686,
    "F150W_lens_magnitude_ab": 16.827707909424696,
    "F150W_lensed_source_magnitude_ab": 18.210442866703044,
    "F150W_source_magnitude_ab": 18.717915962171244,
    "F150W_magnification": 1.6823683528245286,
    "F150W_max_lensed_source_signal_to_noise_ratio": 62.12873103231643,
    "F277W_lens_magnitude_ab": 15.553797104916015,
    "F277W_lensed_source_magnitude_ab": 18.30059472485147,
    "F277W_source_magnitude_ab": 17.874632087041434,
    "F277W_magnification": 1.8529231307285983,
    "F277W_max_lensed_source_signal_to_noise_ratio": 93.37032469605181,
    "F444W_lens_magnitude_ab": 15.62670375576873,
    "F444W_lensed_source_magnitude_ab": 18.57523661411079,
    "F444W_source_magnitude_ab": 18.238669885583043,
    "F444W_magnification": 1.8883219043601325,
    "F444W_max_lensed_source_signal_to_noise_ratio": 83.99673549529571,
    "F115W_lens_magnitude_ab": 17.068898201507654,
    "F115W_lensed_source_magnitude_ab": 18.452035794567006,
    "F115W_source_magnitude_ab": 19.174716351180944,
    "F115W_magnification": 1.7176969044074302,
    "F115W_max_lensed_source_signal_to_noise_ratio": 52.28074859075995
}