{
    "einstein_radius": 0.3258249329651823,
    "F115W_lens_magnitude_ab": 20.80898235684481,
    "F115W_lensed_source_magnitude_ab": 22.13611550342646,
    "F115W_source_magnitude_ab": 22.67918517859605,
    "F115W_magnification": 3.475285156412527,
    "F115W_max_lensed_source_signal_to_noise_ratio": 10.871474482451152,
    "F277W_lens_magnitude_ab": 18.341131026533297,
    "F277W_lensed_source_magnitude_ab": 21.100246503095896,
    "F277W_source_magnitude_ab": 20.010511773234903,
    "F277W_magnification": 4.387732344752708,
    "F277W_max_lensed_source_signal_to_noise_ratio": 34.935885055600735,
    "F444W_lens_magnitude_ab": 18.80187614314727,
    "F444W_lensed_source_magnitude_ab": 21.61688577197917,
    "F444W_source_magnitude_ab": 21.357227515082307,
    "F444W_magnification": 4.488675680067609,
    "F444W_max_lensed_source_signal_to_noise_ratio": 23.728937409713403,
    "F150W_lens_magnitude_ab": 20.4974088268269,
    "F150W_lensed_source_magnitude_ab": 21.878432741827,
    "F150W_source_magnitude_ab": 22.543607276468904,
    "F150W_magnification": 3.5868010666466232,
    "F150W_max_lensed_source_signal_to_noise_ratio": 12.707892920462111
}