{
    "einstein_radius": 1.983471497403669,
    "F277W_lens_magnitude_ab": 15.783107245440739,
    "F277W_lensed_source_magnitude_ab": 21.133513122606928,
    "F277W_source_magnitude_ab": 21.808433382218368,
    "F277W_magnification": 4.167761266011707,
    "F277W_max_lensed_source_signal_to_noise_ratio": 13.78451681950795,
    "F444W_lens_magnitude_ab": 16.3499700165085,
    "F444W_lensed_source_magnitude_ab": 22.288670358132755,
    "F444W_source_magnitude_ab": 23.835507968465876,
    "F444W_magnification": 3.8774702913556762,
    "F444W_max_lensed_source_signal_to_noise_ratio": 2.512671822896564,
    "F150W_lens_magnitude_ab": 17.90491112013526,
    "F150W_lensed_source_magnitude_ab": 21.83003714485632,
    "F150W_source_magnitude_ab": 24.40268058084779,
    "F150W_magnification": 5.2558184193748,
    "F150W_max_lensed_source_signal_to_noise_ratio": 6.3721908207024835
}