{
    "einstein_radius": 0.4420566073186783,
    "F150W_lens_magnitude_ab": 21.546208559761894,
    "F150W_lensed_source_magnitude_ab": 23.294447507649153,
    "F150W_source_magnitude_ab": 23.23445991170681,
    "F150W_magnification": 3.295316942740272,
    "F150W_max_lensed_source_signal_to_noise_ratio": 11.846495551477139,
    "F277W_lens_magnitude_ab": 18.750127956645372,
    "F277W_lensed_source_magnitude_ab": 22.57544153749166,
    "F277W_source_magnitude_ab": 20.933187285275366,
    "F277W_magnification": 3.493634221986137,
    "F277W_max_lensed_source_signal_to_noise_ratio": 24.734549186843253,
    "F444W_lens_magnitude_ab": 18.48410426055255,
    "F444W_lensed_source_magnitude_ab": 22.43273087925698,
    "F444W_source_magnitude_ab": 20.725502103378403,
    "F444W_magnification": 3.8277878902615203,
    "F444W_max_lensed_source_signal_to_noise_ratio": 29.559181569703316,
    "F115W_lens_magnitude_ab": 22.320230182338843,
    "F115W_lensed_source_magnitude_ab": 23.78682676291562,
    "F115W_source_magnitude_ab": 24.191668411011726,
    "F115W_magnification": 3.212416997427478,
    "F115W_max_lensed_source_signal_to_noise_ratio": 7.70587631132738
}