{
    "einstein_radius": 0.6639222809847679,
    "F277W_lens_magnitude_ab": 16.75254273924619,
    "F277W_lensed_source_magnitude_ab": 23.14747730763876,
    "F277W_source_magnitude_ab": 23.15674688641527,
    "F277W_magnification": 2.1940462845451982,
    "F277W_max_lensed_source_signal_to_noise_ratio": 14.115583174945682,
    "F444W_lens_magnitude_ab": 17.391422560989085,
    "F444W_lensed_source_magnitude_ab": 24.9984060978459,
    "F444W_source_magnitude_ab": 24.818995915877867,
    "F444W_magnification": 1.5821520984871404,
    "F444W_max_lensed_source_signal_to_noise_ratio": 5.110948571670569,
    "F150W_lens_magnitude_ab": 19.115346611315324,
    "F150W_lensed_source_magnitude_ab": 22.381484143442734,
    "F150W_source_magnitude_ab": 24.458369958717075,
    "F150W_magnification": 2.3670290116617276,
    "F150W_max_lensed_source_signal_to_noise_ratio": 10.847034830549463,
    "F115W_lens_magnitude_ab": 19.498007401904125,
    "F115W_lensed_source_magnitude_ab": 22.655360876914564,
    "F115W_source_magnitude_ab": 25.23698377034725,
    "F115W_magnification": 1.8651093066467401,
    "F115W_max_lensed_source_signal_to_noise_ratio": 0.8729008316732189
}