{
    "einstein_radius": 0.16331735716265572,
    "F277W_lens_magnitude_ab": 16.179094118131665,
    "F277W_lensed_source_magnitude_ab": 20.625435244805523,
    "F277W_source_magnitude_ab": 19.905663817407408,
    "F277W_magnification": 1.3155578575558786,
    "F277W_max_lensed_source_signal_to_noise_ratio": 94.90947488987668,
    "F444W_lens_magnitude_ab": 16.28214072834553,
    "F444W_lensed_source_magnitude_ab": 20.888091681928536,
    "F444W_source_magnitude_ab": 20.58123337100111,
    "F444W_magnification": 1.3586526798529186,
    "F444W_max_lensed_source_signal_to_noise_ratio": 85.48457688482115,
    "F150W_lens_magnitude_ab": 18.799477328789333,
    "F150W_lensed_source_magnitude_ab": 21.09737632208801,
    "F150W_source_magnitude_ab": 22.328865800876983,
    "F150W_magnification": 1.25639718078356,
    "F150W_max_lensed_source_signal_to_noise_ratio": 35.512214950385776,
    "F115W_lens_magnitude_ab": 19.091903315231853,
    "F115W_lensed_source_magnitude_ab": 21.371087751273187,
    "F115W_source_magnitude_ab": 22.46530994667338,
    "F115W_magnification": 1.3700772809231314,
    "F115W_max_lensed_source_signal_to_noise_ratio": 17.870190434768602
}