{
    "einstein_radius": 0.5345366264781819,
    "F444W_lens_magnitude_ab": 18.777769856702335,
    "F444W_lensed_source_magnitude_ab": 21.478725922442024,
    "F444W_source_magnitude_ab": 20.21581061823803,
    "F444W_magnification": 4.517083193589365,
    "F444W_max_lensed_source_signal_to_noise_ratio": 32.409711545676366,
    "F277W_lens_magnitude_ab": 19.23406711756669,
    "F277W_lensed_source_magnitude_ab": 21.899578929205017,
    "F277W_source_magnitude_ab": 21.150627215894804,
    "F277W_magnification": 4.494474097514255,
    "F277W_max_lensed_source_signal_to_noise_ratio": 28.581954922973942,
    "F150W_lens_magnitude_ab": 22.18079340370503,
    "F150W_lensed_source_magnitude_ab": 22.43274982979873,
    "F150W_source_magnitude_ab": 23.246942981874795,
    "F150W_magnification": 3.121822748520792,
    "F150W_max_lensed_source_signal_to_noise_ratio": 11.81893097064308,
    "F115W_lens_magnitude_ab": 22.665548756716774,
    "F115W_lensed_source_magnitude_ab": 23.1428626783484,
    "F115W_source_magnitude_ab": 24.260913277796735,
    "F115W_magnification": 2.6316325860180965,
    "F115W_max_lensed_source_signal_to_noise_ratio": 6.850506286880813
}