{
    "einstein_radius": 0.6243081585305043,
    "F277W_lens_magnitude_ab": 17.63350742388423,
    "F277W_lensed_source_magnitude_ab": 22.967079047968603,
    "F277W_source_magnitude_ab": 23.188814698056774,
    "F277W_magnification": 3.422805809848006,
    "F277W_max_lensed_source_signal_to_noise_ratio": 8.334489638112208,
    "F444W_lens_magnitude_ab": 18.207498219921987,
    "F444W_lensed_source_magnitude_ab": 23.34690818498069,
    "F444W_source_magnitude_ab": 23.305279783451635,
    "F444W_magnification": 2.2803868838583257,
    "F444W_max_lensed_source_signal_to_noise_ratio": 4.446047232594867,
    "F150W_lens_magnitude_ab": 19.968368183453407,
    "F150W_lensed_source_magnitude_ab": 22.174005121243763,
    "F150W_source_magnitude_ab": 23.582942980176114,
    "F150W_magnification": 2.8772857493230033,
    "F150W_max_lensed_source_signal_to_noise_ratio": 5.02420129994427,
    "F115W_lens_magnitude_ab": 20.46309103613943,
    "F115W_lensed_source_magnitude_ab": 22.49128338502725,
    "F115W_source_magnitude_ab": 23.94504747348582,
    "F115W_magnification": 3.3533463238960843,
    "F115W_max_lensed_source_signal_to_noise_ratio": 3.483826386385679
}