{
    "einstein_radius": 0.4478749697748627,
    "F444W_lens_magnitude_ab": 16.666538037020345,
    "F444W_lensed_source_magnitude_ab": 21.066893733442857,
    "F444W_source_magnitude_ab": 21.220357571649064,
    "F444W_magnification": 2.21192518260675,
    "F444W_max_lensed_source_signal_to_noise_ratio": 50.778151946475276,
    "F277W_lens_magnitude_ab": 16.57293540785259,
    "F277W_lensed_source_magnitude_ab": 21.119667729708105,
    "F277W_source_magnitude_ab": 20.78276539007065,
    "F277W_magnification": 2.1727305665567487,
    "F277W_max_lensed_source_signal_to_noise_ratio": 41.55128957232021,
    "F150W_lens_magnitude_ab": 18.953605913957688,
    "F150W_lensed_source_magnitude_ab": 21.22308750675344,
    "F150W_source_magnitude_ab": 22.834993471595016,
    "F150W_magnification": 2.3888012455977936,
    "F150W_max_lensed_source_signal_to_noise_ratio": 11.269257548940114,
    "F115W_lens_magnitude_ab": 19.537038942480528,
    "F115W_lensed_source_magnitude_ab": 21.820678938617732,
    "F115W_source_magnitude_ab": 23.739639518575018,
    "F115W_magnification": 2.0264560751706577,
    "F115W_max_lensed_source_signal_to_noise_ratio": 5.531636474956964
}