{
    "einstein_radius": 0.4874834705961978,
    "F277W_lens_magnitude_ab": 16.0492157121686,
    "F277W_lensed_source_magnitude_ab": 21.143517763959768,
    "F277W_source_magnitude_ab": 21.483951922805353,
    "F277W_magnification": 3.120157910975599,
    "F277W_max_lensed_source_signal_to_noise_ratio": 21.892704764751024,
    "F444W_lens_magnitude_ab": 16.616044772048074,
    "F444W_lensed_source_magnitude_ab": 21.492441688189665,
    "F444W_source_magnitude_ab": 21.637314855215735,
    "F444W_magnification": 3.428677737895241,
    "F444W_max_lensed_source_signal_to_noise_ratio": 19.249688020343978,
    "F150W_lens_magnitude_ab": 17.26376579889611,
    "F150W_lensed_source_magnitude_ab": 21.176500928566643,
    "F150W_source_magnitude_ab": 22.212169227914597,
    "F150W_magnification": 2.6406317534590786,
    "F150W_max_lensed_source_signal_to_noise_ratio": 9.524414760950327,
    "F115W_lens_magnitude_ab": 17.66022528759537,
    "F115W_lensed_source_magnitude_ab": 21.214614859019566,
    "F115W_source_magnitude_ab": 23.077981535142122,
    "F115W_magnification": 2.302610499713649,
    "F115W_max_lensed_source_signal_to_noise_ratio": 8.166039141493679
}