{
    "einstein_radius": 0.6947626914038149,
    "F150W_lens_magnitude_ab": 22.12124051099628,
    "F150W_lensed_source_magnitude_ab": 22.61972157837779,
    "F150W_source_magnitude_ab": 24.416031015537605,
    "F150W_magnification": 1.284660850825145,
    "F150W_max_lensed_source_signal_to_noise_ratio": 7.193941607027571,
    "F277W_lens_magnitude_ab": 17.868982676584444,
    "F277W_lensed_source_magnitude_ab": Infinity,
    "F277W_source_magnitude_ab": Infinity,
    "F277W_magnification": NaN,
    "F277W_max_lensed_source_signal_to_noise_ratio": 0.0
}