{
    "einstein_radius": 0.42750533179259576,
    "F115W_lens_magnitude_ab": 21.303463350147148,
    "F115W_lensed_source_magnitude_ab": 22.927563568531053,
    "F115W_source_magnitude_ab": 23.77452270693307,
    "F115W_magnification": 4.353517224648917,
    "F115W_max_lensed_source_signal_to_noise_ratio": 7.430550785190137,
    "F277W_lens_magnitude_ab": 18.92786130837052,
    "F277W_lensed_source_magnitude_ab": 22.4650085262013,
    "F277W_source_magnitude_ab": 22.295651589624924,
    "F277W_magnification": 3.72896721519994,
    "F277W_max_lensed_source_signal_to_noise_ratio": 17.476282148208266,
    "F444W_lens_magnitude_ab": 19.247704453105825,
    "F444W_lensed_source_magnitude_ab": 22.733981110872264,
    "F444W_source_magnitude_ab": 22.77083660252081,
    "F444W_magnification": 3.6282332481004365,
    "F444W_max_lensed_source_signal_to_noise_ratio": 12.417618074549011,
    "F150W_lens_magnitude_ab": 21.024699787485467,
    "F150W_lensed_source_magnitude_ab": 22.760670543895678,
    "F150W_source_magnitude_ab": 23.673469817519774,
    "F150W_magnification": 3.303197400265204,
    "F150W_max_lensed_source_signal_to_noise_ratio": 8.831396268364205
}