{
    "einstein_radius": 0.9234905578659321,
    "F444W_lens_magnitude_ab": 19.654708972221155,
    "F444W_lensed_source_magnitude_ab": 24.148447056157977,
    "F444W_source_magnitude_ab": 25.26389510545252,
    "F444W_magnification": 6.099036083900434,
    "F444W_max_lensed_source_signal_to_noise_ratio": 1.3483658781593901
}