{
    "einstein_radius": 0.2645677165518424,
    "F150W_lens_magnitude_ab": 20.037051588162456,
    "F150W_lensed_source_magnitude_ab": 21.980392485316187,
    "F150W_source_magnitude_ab": 22.423677592320846,
    "F150W_magnification": 1.7229498883359302,
    "F150W_max_lensed_source_signal_to_noise_ratio": 18.631507307098186,
    "F277W_lens_magnitude_ab": 17.753291540767368,
    "F277W_lensed_source_magnitude_ab": 22.070719147341983,
    "F277W_source_magnitude_ab": 22.402630338177406,
    "F277W_magnification": 2.406271486714903,
    "F277W_max_lensed_source_signal_to_noise_ratio": 26.189170646670348,
    "F444W_lens_magnitude_ab": 18.331260615791436,
    "F444W_lensed_source_magnitude_ab": 22.704908591213595,
    "F444W_source_magnitude_ab": 22.329771130395713,
    "F444W_magnification": 2.4888996439010653,
    "F444W_max_lensed_source_signal_to_noise_ratio": 14.879094684698488,
    "F115W_lens_magnitude_ab": 20.527330890966084,
    "F115W_lensed_source_magnitude_ab": 22.18285596004864,
    "F115W_source_magnitude_ab": 22.677816568003543,
    "F115W_magnification": 1.9162781455361013,
    "F115W_max_lensed_source_signal_to_noise_ratio": 15.834646797980174
}