{
    "einstein_radius": 0.4720349978518549,
    "F444W_lens_magnitude_ab": 19.93453969866833,
    "F444W_lensed_source_magnitude_ab": 23.98566541410517,
    "F444W_source_magnitude_ab": 24.299070166990603,
    "F444W_magnification": 3.8640275771446992,
    "F444W_max_lensed_source_signal_to_noise_ratio": 4.0179156701625125,
    "F277W_lens_magnitude_ab": 20.469289550877658,
    "F277W_lensed_source_magnitude_ab": 23.970383413966267,
    "F277W_source_magnitude_ab": 24.01607697251934,
    "F277W_magnification": 5.3017648000319015,
    "F277W_max_lensed_source_signal_to_noise_ratio": 4.039677846469942,
    "F150W_lens_magnitude_ab": 22.422911529205265,
    "F150W_lensed_source_magnitude_ab": 23.52961707571315,
    "F150W_source_magnitude_ab": 25.106696448517667,
    "F150W_magnification": 2.983842706780033,
    "F150W_max_lensed_source_signal_to_noise_ratio": 3.7306897321810557,
    "F115W_lens_magnitude_ab": 22.673823438690924,
    "F115W_lensed_source_magnitude_ab": 23.49154543841871,
    "F115W_source_magnitude_ab": 25.04287999063242,
    "F115W_magnification": 3.111120807429855,
    "F115W_max_lensed_source_signal_to_noise_ratio": 3.4871707961473875
}