{
    "einstein_radius": 0.5790181866416078,
    "F277W_lens_magnitude_ab": 18.190902759129337,
    "F277W_lensed_source_magnitude_ab": 22.811543749567043,
    "F277W_source_magnitude_ab": 22.749301870346194,
    "F277W_magnification": 2.823010342776833,
    "F277W_max_lensed_source_signal_to_noise_ratio": 3.4411126049544754,
    "F444W_lens_magnitude_ab": 18.773284710280993,
    "F444W_lensed_source_magnitude_ab": 23.793589637458005,
    "F444W_source_magnitude_ab": 24.55639617955703,
    "F444W_magnification": 2.714078191397685,
    "F444W_max_lensed_source_signal_to_noise_ratio": 2.643815283826763,
    "F150W_lens_magnitude_ab": 19.805043856051594,
    "F150W_lensed_source_magnitude_ab": 22.381775777939588,
    "F150W_source_magnitude_ab": 24.367371282839706,
    "F150W_magnification": 2.4816430578028803,
    "F150W_max_lensed_source_signal_to_noise_ratio": 3.527880631172033,
    "F115W_lens_magnitude_ab": 20.270630704277558,
    "F115W_lensed_source_magnitude_ab": 22.276228578880175,
    "F115W_source_magnitude_ab": 24.315549644779214,
    "F115W_magnification": 2.865072804227583,
    "F115W_max_lensed_source_signal_to_noise_ratio": 3.257542552138579
}