{
    "einstein_radius": 0.3160897079647329,
    "F277W_lens_magnitude_ab": 19.71936978576902,
    "F277W_lensed_source_magnitude_ab": 22.70944590529966,
    "F277W_source_magnitude_ab": 22.050190665233963,
    "F277W_magnification": 2.622365569839015,
    "F277W_max_lensed_source_signal_to_noise_ratio": 23.26218576924123,
    "F444W_lens_magnitude_ab": 19.250087420093724,
    "F444W_lensed_source_magnitude_ab": 22.522208364332972,
    "F444W_source_magnitude_ab": 22.623847424255644,
    "F444W_magnification": 2.8852587836551056,
    "F444W_max_lensed_source_signal_to_noise_ratio": 22.38730817830369,
    "F150W_lens_magnitude_ab": 22.94986361837622,
    "F150W_lensed_source_magnitude_ab": 22.54901756308812,
    "F150W_source_magnitude_ab": 23.69623411363014,
    "F150W_magnification": 3.1226892503300534,
    "F150W_max_lensed_source_signal_to_noise_ratio": 15.170688673626154
}