{
    "einstein_radius": 0.27499571531899647,
    "F444W_lens_magnitude_ab": 20.69583988112813,
    "F444W_lensed_source_magnitude_ab": 23.834274740352456,
    "F444W_source_magnitude_ab": 24.170988220221716,
    "F444W_magnification": 3.507777216142968,
    "F444W_max_lensed_source_signal_to_noise_ratio": 13.121994105055299,
    "F277W_lens_magnitude_ab": 20.58110207636095,
    "F277W_lensed_source_magnitude_ab": 23.922144500786438,
    "F277W_source_magnitude_ab": 23.88923767606973,
    "F277W_magnification": 3.563556465700527,
    "F277W_max_lensed_source_signal_to_noise_ratio": 16.677079496803596,
    "F150W_lens_magnitude_ab": 22.421517217016106,
    "F150W_lensed_source_magnitude_ab": 23.339053595365048,
    "F150W_source_magnitude_ab": 23.492320226399315,
    "F150W_magnification": 2.4527777449524684,
    "F150W_max_lensed_source_signal_to_noise_ratio": 14.311876535942798,
    "F115W_lens_magnitude_ab": 22.66494661207749,
    "F115W_lensed_source_magnitude_ab": 23.628360894970406,
    "F115W_source_magnitude_ab": 23.54210179481738,
    "F115W_magnification": 2.840925888385646,
    "F115W_max_lensed_source_signal_to_noise_ratio": 10.219611971071467
}