{
    "einstein_radius": 0.40327941179718185,
    "F277W_lens_magnitude_ab": 17.685882929544547,
    "F277W_lensed_source_magnitude_ab": 20.668633611914075,
    "F277W_source_magnitude_ab": 17.388498023966775,
    "F277W_magnification": 3.92117011535401,
    "F277W_max_lensed_source_signal_to_noise_ratio": 79.24666232655764,
    "F444W_lens_magnitude_ab": 18.541381409048064,
    "F444W_lensed_source_magnitude_ab": 20.84621550232893,
    "F444W_source_magnitude_ab": 18.567151991868002,
    "F444W_magnification": 3.720954654395285,
    "F444W_max_lensed_source_signal_to_noise_ratio": 60.681771278868766,
    "F150W_lens_magnitude_ab": 19.84175411944484,
    "F150W_lensed_source_magnitude_ab": 21.097267938512008,
    "F150W_source_magnitude_ab": 20.136500420046232,
    "F150W_magnification": 4.485045808987558,
    "F150W_max_lensed_source_signal_to_noise_ratio": 41.27598377931202,
    "F115W_lens_magnitude_ab": 20.20803141875645,
    "F115W_lensed_source_magnitude_ab": 21.35042756515354,
    "F115W_source_magnitude_ab": 19.88540526843872,
    "F115W_magnification": 4.746703199479727,
    "F115W_max_lensed_source_signal_to_noise_ratio": 34.0582312738863
}