{
    "einstein_radius": 0.9634653842187241,
    "F277W_lens_magnitude_ab": 17.60805881966035,
    "F277W_lensed_source_magnitude_ab": 22.557481809848053,
    "F277W_source_magnitude_ab": 23.00564482921519,
    "F277W_magnification": 2.0962938697575737,
    "F277W_max_lensed_source_signal_to_noise_ratio": 9.43591884920209,
    "F444W_lens_magnitude_ab": 17.201507326564773,
    "F444W_lensed_source_magnitude_ab": 22.439156414324767,
    "F444W_source_magnitude_ab": 23.30742758048502,
    "F444W_magnification": 2.2373683007867795,
    "F444W_max_lensed_source_signal_to_noise_ratio": 6.171604439609836,
    "F150W_lens_magnitude_ab": 20.28633722333931,
    "F150W_lensed_source_magnitude_ab": 23.212643827648687,
    "F150W_source_magnitude_ab": 25.30879792706861,
    "F150W_magnification": 1.9474768695825042,
    "F150W_max_lensed_source_signal_to_noise_ratio": 3.5043489961118053,
    "F115W_lens_magnitude_ab": 20.85812599009135,
    "F115W_lensed_source_magnitude_ab": 23.744394308824724,
    "F115W_source_magnitude_ab": 25.11464179275773,
    "F115W_magnification": 2.10958721576526,
    "F115W_max_lensed_source_signal_to_noise_ratio": 5.164684802976189
}