{
    "einstein_radius": 0.18050353296828367,
    "F444W_lens_magnitude_ab": 19.56319598105246,
    "F444W_lensed_source_magnitude_ab": 22.70742292679267,
    "F444W_source_magnitude_ab": 21.711827853053986,
    "F444W_magnification": 1.9798216058154778,
    "F444W_max_lensed_source_signal_to_noise_ratio": 46.14662885068091,
    "F277W_lens_magnitude_ab": 19.92935775724954,
    "F277W_lensed_source_magnitude_ab": 22.95031265007385,
    "F277W_source_magnitude_ab": 21.805734086656145,
    "F277W_magnification": 2.052480814547738,
    "F277W_max_lensed_source_signal_to_noise_ratio": 47.631889849429136,
    "F150W_lens_magnitude_ab": 22.51926528123557,
    "F150W_lensed_source_magnitude_ab": 22.80516206033749,
    "F150W_source_magnitude_ab": 22.893934056225202,
    "F150W_magnification": 2.0018239990205293,
    "F150W_max_lensed_source_signal_to_noise_ratio": 24.58331986465313,
    "F115W_lens_magnitude_ab": 22.97073142391635,
    "F115W_lensed_source_magnitude_ab": 23.00601065526419,
    "F115W_source_magnitude_ab": 23.1547232955296,
    "F115W_magnification": 2.292075823148171,
    "F115W_max_lensed_source_signal_to_noise_ratio": 21.67835090650626
}