{
    "einstein_radius": 0.20460333488393603,
    "F150W_lens_magnitude_ab": 23.045658376836787,
    "F150W_lensed_source_magnitude_ab": 24.595760503149744,
    "F150W_source_magnitude_ab": 23.688556538695174,
    "F150W_magnification": 2.1115206211040594,
    "F150W_max_lensed_source_signal_to_noise_ratio": 12.537384348528583,
    "F277W_lens_magnitude_ab": 20.66220371460559,
    "F277W_lensed_source_magnitude_ab": 24.107711758642097,
    "F277W_source_magnitude_ab": 23.771789434691534,
    "F277W_magnification": 2.130888703552139,
    "F277W_max_lensed_source_signal_to_noise_ratio": 18.47039111730627,
    "F444W_lens_magnitude_ab": 20.912475773552025,
    "F444W_lensed_source_magnitude_ab": 23.573406288007632,
    "F444W_source_magnitude_ab": 22.932873220303772,
    "F444W_magnification": 1.913710057006757,
    "F444W_max_lensed_source_signal_to_noise_ratio": 19.111155485647057,
    "F115W_lens_magnitude_ab": 23.26113468678495,
    "F115W_lensed_source_magnitude_ab": 24.194580225042067,
    "F115W_source_magnitude_ab": 23.26578075080468,
    "F115W_magnification": 1.9594161039649636,
    "F115W_max_lensed_source_signal_to_noise_ratio": 12.476081981464601
}