{
    "einstein_radius": 0.449332940311559,
    "F444W_lens_magnitude_ab": 18.492718833702355,
    "F444W_lensed_source_magnitude_ab": 21.83825881145826,
    "F444W_source_magnitude_ab": 20.91739835614444,
    "F444W_magnification": 3.156553056529146,
    "F444W_max_lensed_source_signal_to_noise_ratio": 22.661409256691293,
    "F277W_lens_magnitude_ab": 18.499239922663126,
    "F277W_lensed_source_magnitude_ab": 21.527798527933907,
    "F277W_source_magnitude_ab": 20.35763601964073,
    "F277W_magnification": 3.146990084613025,
    "F277W_max_lensed_source_signal_to_noise_ratio": 42.310997101141965,
    "F150W_lens_magnitude_ab": 21.223390386698632,
    "F150W_lensed_source_magnitude_ab": 21.866189223303167,
    "F150W_source_magnitude_ab": 22.6560914794303,
    "F150W_magnification": 3.1812204993116313,
    "F150W_max_lensed_source_signal_to_noise_ratio": 14.31653161488339,
    "F115W_lens_magnitude_ab": 21.58256282239886,
    "F115W_lensed_source_magnitude_ab": 22.30921133350968,
    "F115W_source_magnitude_ab": 22.81206417557632,
    "F115W_magnification": 3.075065989042862,
    "F115W_max_lensed_source_signal_to_noise_ratio": 10.282018267313
}