{
    "einstein_radius": 2.0581935264085653,
    "F444W_lens_magnitude_ab": 19.90690828579418,
    "F444W_lensed_source_magnitude_ab": 23.334817525179577,
    "F444W_source_magnitude_ab": 24.707530198952902,
    "F444W_magnification": 4.308207879201451,
    "F444W_max_lensed_source_signal_to_noise_ratio": 2.453212319143874,
    "F277W_lens_magnitude_ab": 19.649811685407094,
    "F277W_lensed_source_magnitude_ab": 22.66774450331958,
    "F277W_source_magnitude_ab": 24.329813220334568,
    "F277W_magnification": 3.2374478161849987,
    "F277W_max_lensed_source_signal_to_noise_ratio": 3.088920331043157,
    "F150W_lens_magnitude_ab": 20.992453118132374,
    "F150W_lensed_source_magnitude_ab": Infinity,
    "F150W_source_magnitude_ab": Infinity,
    "F150W_magnification": NaN,
    "F150W_max_lensed_source_signal_to_noise_ratio": 0.0
}