{
    "einstein_radius": 0.4123860526095398,
    "F277W_lens_magnitude_ab": 19.16982847820213,
    "F277W_lensed_source_magnitude_ab": 23.307404801756494,
    "F277W_source_magnitude_ab": 23.282286566352806,
    "F277W_magnification": 3.669578167414969,
    "F277W_max_lensed_source_signal_to_noise_ratio": 9.386790278901485,
    "F444W_lens_magnitude_ab": 18.497056876333602,
    "F444W_lensed_source_magnitude_ab": 23.33094252446089,
    "F444W_source_magnitude_ab": 23.589996808677345,
    "F444W_magnification": 3.1841873143199604,
    "F444W_max_lensed_source_signal_to_noise_ratio": 8.021803025835228,
    "F150W_lens_magnitude_ab": 21.79083463798635,
    "F150W_lensed_source_magnitude_ab": 23.093168695721424,
    "F150W_source_magnitude_ab": 23.977780927360037,
    "F150W_magnification": 3.0123962972738854,
    "F150W_max_lensed_source_signal_to_noise_ratio": 7.407191960721004,
    "F115W_lens_magnitude_ab": 22.63708449440351,
    "F115W_lensed_source_magnitude_ab": 23.35587381764885,
    "F115W_source_magnitude_ab": 24.260180265402212,
    "F115W_magnification": 2.4470502565988053,
    "F115W_max_lensed_source_signal_to_noise_ratio": 5.105763831051088
}