{
    "einstein_radius": 0.38140091982117114,
    "F150W_lens_magnitude_ab": 21.54444714919232,
    "F150W_lensed_source_magnitude_ab": 22.981035228850402,
    "F150W_source_magnitude_ab": 23.279787462283657,
    "F150W_magnification": 1.6008248250036212,
    "F150W_max_lensed_source_signal_to_noise_ratio": 10.061210433924753,
    "F277W_lens_magnitude_ab": 18.81805313897589,
    "F277W_lensed_source_magnitude_ab": 22.512090706559356,
    "F277W_source_magnitude_ab": 22.243007820183514,
    "F277W_magnification": 1.6405167965335632,
    "F277W_max_lensed_source_signal_to_noise_ratio": 25.490680789916638,
    "F444W_lens_magnitude_ab": 18.381138390170563,
    "F444W_lensed_source_magnitude_ab": 22.185228557374195,
    "F444W_source_magnitude_ab": 21.97427126445263,
    "F444W_magnification": 1.6979024182812634,
    "F444W_max_lensed_source_signal_to_noise_ratio": 24.61234816431016,
    "F115W_lens_magnitude_ab": 22.289793060835677,
    "F115W_lensed_source_magnitude_ab": 23.223416914365053,
    "F115W_source_magnitude_ab": 23.456843352312625,
    "F115W_magnification": 1.5998422822140959,
    "F115W_max_lensed_source_signal_to_noise_ratio": 8.037417092000531
}