{
    "einstein_radius": 0.40832015489017787,
    "F277W_lens_magnitude_ab": 18.883238126192943,
    "F277W_lensed_source_magnitude_ab": 24.2636600154651,
    "F277W_source_magnitude_ab": 24.459869654391944,
    "F277W_magnification": 3.4596848099013737,
    "F277W_max_lensed_source_signal_to_noise_ratio": 3.673196095758174,
    "F444W_lens_magnitude_ab": 19.424171129959465,
    "F444W_lensed_source_magnitude_ab": 24.93803616148444,
    "F444W_source_magnitude_ab": 24.609510355275702,
    "F444W_magnification": 3.8511782164234636,
    "F444W_max_lensed_source_signal_to_noise_ratio": 1.3859503196087495,
    "F150W_lens_magnitude_ab": 20.712557823876253,
    "F150W_lensed_source_magnitude_ab": 23.080432031372613,
    "F150W_source_magnitude_ab": 24.586830490161734,
    "F150W_magnification": 2.5610792978031944,
    "F150W_max_lensed_source_signal_to_noise_ratio": 4.449439262683062,
    "F115W_lens_magnitude_ab": 20.946746614340622,
    "F115W_lensed_source_magnitude_ab": 23.068114589688964,
    "F115W_source_magnitude_ab": 25.027186888046064,
    "F115W_magnification": 2.166904555137465,
    "F115W_max_lensed_source_signal_to_noise_ratio": 2.5632454187441054
}