{
    "einstein_radius": 0.35039152483908476,
    "F444W_lens_magnitude_ab": 19.515963651030756,
    "F444W_lensed_source_magnitude_ab": 24.02477100833059,
    "F444W_source_magnitude_ab": 23.7035417118883,
    "F444W_magnification": 4.554517386122746,
    "F444W_max_lensed_source_signal_to_noise_ratio": 4.887629550250019,
    "F277W_lens_magnitude_ab": 18.889016328289422,
    "F277W_lensed_source_magnitude_ab": 23.57400751140441,
    "F277W_source_magnitude_ab": 23.344527902658573,
    "F277W_magnification": 4.533838584272356,
    "F277W_max_lensed_source_signal_to_noise_ratio": 9.794674061703528,
    "F150W_lens_magnitude_ab": 21.056455248795316,
    "F150W_lensed_source_magnitude_ab": 23.466472927621975,
    "F150W_source_magnitude_ab": 24.574373106226435,
    "F150W_magnification": 1.8081305202296953,
    "F150W_max_lensed_source_signal_to_noise_ratio": 4.347886774720279,
    "F115W_lens_magnitude_ab": 21.620688490062697,
    "F115W_lensed_source_magnitude_ab": 23.293674086839868,
    "F115W_source_magnitude_ab": 24.89209292763651,
    "F115W_magnification": 2.1924606016591937,
    "F115W_max_lensed_source_signal_to_noise_ratio": 3.6657827825062186
}