{
    "einstein_radius": 0.485811847114859,
    "F150W_lens_magnitude_ab": 22.4874188986947,
    "F150W_lensed_source_magnitude_ab": 23.40555073683202,
    "F150W_source_magnitude_ab": 23.79105540724815,
    "F150W_magnification": 2.3159482865073735,
    "F150W_max_lensed_source_signal_to_noise_ratio": 8.522573679827818,
    "F277W_lens_magnitude_ab": 19.520167886805737,
    "F277W_lensed_source_magnitude_ab": 23.29093123786084,
    "F277W_source_magnitude_ab": 22.771466020338043,
    "F277W_magnification": 2.391274952103202,
    "F277W_max_lensed_source_signal_to_noise_ratio": 11.807795226881488,
    "F444W_lens_magnitude_ab": 18.972784200485062,
    "F444W_lensed_source_magnitude_ab": 23.112438118905096,
    "F444W_source_magnitude_ab": 22.45509029860484,
    "F444W_magnification": 2.4231653578146166,
    "F444W_max_lensed_source_signal_to_noise_ratio": 10.156181290049462,
    "F115W_lens_magnitude_ab": 22.98615675256571,
    "F115W_lensed_source_magnitude_ab": 23.75157912573633,
    "F115W_source_magnitude_ab": 24.385800619881564,
    "F115W_magnification": 2.5432709472569957,
    "F115W_max_lensed_source_signal_to_noise_ratio": 5.452641000994129
}