{
    "einstein_radius": 0.42600155396765255,
    "F150W_lens_magnitude_ab": 21.775708146970107,
    "F150W_lensed_source_magnitude_ab": 23.261749984688585,
    "F150W_source_magnitude_ab": 23.81827314606261,
    "F150W_magnification": 2.8901275381039957,
    "F150W_max_lensed_source_signal_to_noise_ratio": 17.860581582354627,
    "F277W_lens_magnitude_ab": 19.05497093873098,
    "F277W_lensed_source_magnitude_ab": 23.601938823924772,
    "F277W_source_magnitude_ab": 23.267453569062113,
    "F277W_magnification": 3.167725106183015,
    "F277W_max_lensed_source_signal_to_noise_ratio": 16.559118471044872,
    "F444W_lens_magnitude_ab": 18.51153197552849,
    "F444W_lensed_source_magnitude_ab": 23.837380057136354,
    "F444W_source_magnitude_ab": 23.507818172783942,
    "F444W_magnification": 3.0606941954147766,
    "F444W_max_lensed_source_signal_to_noise_ratio": 12.221303653442241,
    "F115W_lens_magnitude_ab": 23.437486213566338,
    "F115W_lensed_source_magnitude_ab": 23.674157764756664,
    "F115W_source_magnitude_ab": 23.774487434362236,
    "F115W_magnification": 3.809221675794375,
    "F115W_max_lensed_source_signal_to_noise_ratio": 18.148042126071623
}