{
    "einstein_radius": 0.351156420436434,
    "F277W_lens_magnitude_ab": 19.49466367122721,
    "F277W_lensed_source_magnitude_ab": 23.704643553600093,
    "F277W_source_magnitude_ab": 23.20994916210268,
    "F277W_magnification": 5.171741684283794,
    "F277W_max_lensed_source_signal_to_noise_ratio": 7.715294181645157,
    "F444W_lens_magnitude_ab": 18.95372229839948,
    "F444W_lensed_source_magnitude_ab": 22.805425139219185,
    "F444W_source_magnitude_ab": 22.062243639799842,
    "F444W_magnification": 4.52727617730976,
    "F444W_max_lensed_source_signal_to_noise_ratio": 14.403005748043682,
    "F150W_lens_magnitude_ab": 24.374159483578723,
    "F150W_lensed_source_magnitude_ab": Infinity,
    "F150W_source_magnitude_ab": Infinity,
    "F150W_magnification": NaN,
    "F150W_max_lensed_source_signal_to_noise_ratio": 0.0,
    "F115W_lens_magnitude_ab": 25.043438325465537,
    "F115W_lensed_source_magnitude_ab": Infinity,
    "F115W_source_magnitude_ab": Infinity,
    "F115W_magnification": NaN,
    "F115W_max_lensed_source_signal_to_noise_ratio": 0.0
}