{
    "einstein_radius": 1.0766952348704615,
    "F277W_lens_magnitude_ab": 16.247521167651257,
    "F277W_lensed_source_magnitude_ab": 19.570911720017396,
    "F277W_source_magnitude_ab": 18.297690251326706,
    "F277W_magnification": 3.5847155862232083,
    "F277W_max_lensed_source_signal_to_noise_ratio": 69.50026974229101,
    "F444W_lens_magnitude_ab": 16.745694935971333,
    "F444W_lensed_source_magnitude_ab": 19.924345473301617,
    "F444W_source_magnitude_ab": 18.3916235779167,
    "F444W_magnification": 3.8880000107222377,
    "F444W_max_lensed_source_signal_to_noise_ratio": 50.82529432295479,
    "F150W_lens_magnitude_ab": 17.26667009314279,
    "F150W_lensed_source_magnitude_ab": 19.597615937496847,
    "F150W_source_magnitude_ab": 18.638309223886424,
    "F150W_magnification": 3.449298657264861,
    "F150W_max_lensed_source_signal_to_noise_ratio": 34.03959370015852,
    "F115W_lens_magnitude_ab": 17.458322606876827,
    "F115W_lensed_source_magnitude_ab": 19.74370276705065,
    "F115W_source_magnitude_ab": 18.68836084884559,
    "F115W_magnification": 4.942874591389163,
    "F115W_max_lensed_source_signal_to_noise_ratio": 30.222219287845775
}