{
    "einstein_radius": 0.3496514664200211,
    "F150W_lens_magnitude_ab": 21.57514217278785,
    "F150W_lensed_source_magnitude_ab": 23.732132390379828,
    "F150W_source_magnitude_ab": 24.169662920443262,
    "F150W_magnification": 1.9687912525794529,
    "F150W_max_lensed_source_signal_to_noise_ratio": 3.3025099886742035,
    "F277W_lens_magnitude_ab": 19.281929373368904,
    "F277W_lensed_source_magnitude_ab": 24.55509355762899,
    "F277W_source_magnitude_ab": 24.396730326645258,
    "F277W_magnification": 2.139048658307087,
    "F277W_max_lensed_source_signal_to_noise_ratio": 3.839328514752263,
    "F444W_lens_magnitude_ab": 19.283429852545062,
    "F444W_lensed_source_magnitude_ab": 24.438985473204518,
    "F444W_source_magnitude_ab": 24.91737191972813,
    "F444W_magnification": 2.868035781897625,
    "F444W_max_lensed_source_signal_to_noise_ratio": 3.209418329405908,
    "F115W_lens_magnitude_ab": 22.005831037422467,
    "F115W_lensed_source_magnitude_ab": 24.557896313808204,
    "F115W_source_magnitude_ab": 24.732321090354553,
    "F115W_magnification": 1.6066001506647383,
    "F115W_max_lensed_source_signal_to_noise_ratio": 2.9377282862575997
}