{
    "einstein_radius": 1.135041038746596,
    "F277W_lens_magnitude_ab": 19.173189812576645,
    "F277W_lensed_source_magnitude_ab": 19.801236386466286,
    "F277W_source_magnitude_ab": 19.46581464676156,
    "F277W_magnification": 1.8749188836547401,
    "F277W_max_lensed_source_signal_to_noise_ratio": 85.76556634463275,
    "F444W_lens_magnitude_ab": 18.71769684621413,
    "F444W_lensed_source_magnitude_ab": 19.64069005301304,
    "F444W_source_magnitude_ab": 19.404120462263798,
    "F444W_magnification": 1.8558497589931142,
    "F444W_max_lensed_source_signal_to_noise_ratio": 91.52921566892546,
    "F150W_lens_magnitude_ab": 21.744796082875943,
    "F150W_lensed_source_magnitude_ab": 21.1234324006817,
    "F150W_source_magnitude_ab": 22.028644201405935,
    "F150W_magnification": 1.852537320376144,
    "F150W_max_lensed_source_signal_to_noise_ratio": 16.660222924173564,
    "F115W_lens_magnitude_ab": 22.675377189598706,
    "F115W_lensed_source_magnitude_ab": 21.556924312959055,
    "F115W_source_magnitude_ab": 23.22798237198254,
    "F115W_magnification": 1.7652505927541808,
    "F115W_max_lensed_source_signal_to_noise_ratio": 6.864061251404222
}