{
    "einstein_radius": 0.5899011156303932,
    "F277W_lens_magnitude_ab": 17.72679150724162,
    "F277W_lensed_source_magnitude_ab": 22.130704411563663,
    "F277W_source_magnitude_ab": 22.336703542612955,
    "F277W_magnification": 2.3375521015707945,
    "F277W_max_lensed_source_signal_to_noise_ratio": 12.988805739892156,
    "F444W_lens_magnitude_ab": 18.144390174707652,
    "F444W_lensed_source_magnitude_ab": 22.83277171328836,
    "F444W_source_magnitude_ab": 22.863787942076947,
    "F444W_magnification": 3.25893982262535,
    "F444W_max_lensed_source_signal_to_noise_ratio": 11.32993012576463,
    "F150W_lens_magnitude_ab": 19.859610797077845,
    "F150W_lensed_source_magnitude_ab": 22.181175415460373,
    "F150W_source_magnitude_ab": 24.072416023657624,
    "F150W_magnification": 2.620487491109279,
    "F150W_max_lensed_source_signal_to_noise_ratio": 3.7388249668228224,
    "F115W_lens_magnitude_ab": 20.39820195947242,
    "F115W_lensed_source_magnitude_ab": 22.787155088163907,
    "F115W_source_magnitude_ab": 25.135972130183944,
    "F115W_magnification": 3.0644231658311387,
    "F115W_max_lensed_source_signal_to_noise_ratio": 2.542571090138377
}