{
    "einstein_radius": 0.649497420924982,
    "F444W_lens_magnitude_ab": 17.844746285925467,
    "F444W_lensed_source_magnitude_ab": 23.11225182324236,
    "F444W_source_magnitude_ab": 21.989354800600466,
    "F444W_magnification": 2.8949570448446496,
    "F444W_max_lensed_source_signal_to_noise_ratio": 25.403153685043247,
    "F277W_lens_magnitude_ab": 17.899544868737028,
    "F277W_lensed_source_magnitude_ab": 24.12000022803345,
    "F277W_source_magnitude_ab": 23.826261397437726,
    "F277W_magnification": 2.8444943689016173,
    "F277W_max_lensed_source_signal_to_noise_ratio": 7.142243786872901,
    "F150W_lens_magnitude_ab": 20.59352531789773,
    "F150W_lensed_source_magnitude_ab": 23.685594408399446,
    "F150W_source_magnitude_ab": 25.686286603509803,
    "F150W_magnification": 2.3341026850091042,
    "F150W_max_lensed_source_signal_to_noise_ratio": 2.5710054350670624,
    "F115W_lens_magnitude_ab": 21.234280725842247,
    "F115W_lensed_source_magnitude_ab": Infinity,
    "F115W_source_magnitude_ab": Infinity,
    "F115W_magnification": NaN,
    "F115W_max_lensed_source_signal_to_noise_ratio": 0.0
}