{
    "einstein_radius": 0.2671520239827323,
    "F150W_lens_magnitude_ab": 22.153888476766195,
    "F150W_lensed_source_magnitude_ab": 23.776851430632632,
    "F150W_source_magnitude_ab": 24.077739216792665,
    "F150W_magnification": 2.152368750024154,
    "F150W_max_lensed_source_signal_to_noise_ratio": 5.680218382152691,
    "F277W_lens_magnitude_ab": 20.234163569401808,
    "F277W_lensed_source_magnitude_ab": 23.497344148923936,
    "F277W_source_magnitude_ab": 23.85582547939746,
    "F277W_magnification": 1.9708523462631302,
    "F277W_max_lensed_source_signal_to_noise_ratio": 9.873254877928,
    "F444W_lens_magnitude_ab": 20.192401966284095,
    "F444W_lensed_source_magnitude_ab": 23.470512999718917,
    "F444W_source_magnitude_ab": 22.998613875290122,
    "F444W_magnification": 2.0187636501995248,
    "F444W_max_lensed_source_signal_to_noise_ratio": 10.044110596012436,
    "F115W_lens_magnitude_ab": 22.576622462362078,
    "F115W_lensed_source_magnitude_ab": 23.589425428231102,
    "F115W_source_magnitude_ab": 24.388849212281382,
    "F115W_magnification": 1.9170249542528965,
    "F115W_max_lensed_source_signal_to_noise_ratio": 4.807477546741972
}