{
    "einstein_radius": 0.24107800857892497,
    "F150W_lens_magnitude_ab": 22.163443181083892,
    "F150W_lensed_source_magnitude_ab": 24.090032190659844,
    "F150W_source_magnitude_ab": 24.152453172271144,
    "F150W_magnification": 1.6461290556681372,
    "F150W_max_lensed_source_signal_to_noise_ratio": 17.706627507081166,
    "F277W_lens_magnitude_ab": 20.337292055619525,
    "F277W_lensed_source_magnitude_ab": 24.70080251812704,
    "F277W_source_magnitude_ab": 24.23844795720538,
    "F277W_magnification": 2.729291378605835,
    "F277W_max_lensed_source_signal_to_noise_ratio": 9.769532637355255,
    "F444W_lens_magnitude_ab": 21.031100256022903,
    "F444W_lensed_source_magnitude_ab": Infinity,
    "F444W_source_magnitude_ab": Infinity,
    "F444W_magnification": NaN,
    "F444W_max_lensed_source_signal_to_noise_ratio": 0.0,
    "F115W_lens_magnitude_ab": 22.19830592216828,
    "F115W_lensed_source_magnitude_ab": 23.864513758843035,
    "F115W_source_magnitude_ab": 24.97859745744885,
    "F115W_magnification": 1.6200579246465971,
    "F115W_max_lensed_source_signal_to_noise_ratio": 16.249874191127958
}