{
    "einstein_radius": 0.6461047999540046,
    "F150W_lens_magnitude_ab": 18.976508086878532,
    "F150W_lensed_source_magnitude_ab": 21.213809799539455,
    "F150W_source_magnitude_ab": 23.02767230651599,
    "F150W_magnification": 3.0819034104936747,
    "F150W_max_lensed_source_signal_to_noise_ratio": 7.142195104478614,
    "F277W_lens_magnitude_ab": 16.475789361113023,
    "F277W_lensed_source_magnitude_ab": 20.536695417917244,
    "F277W_source_magnitude_ab": 20.903428801216926,
    "F277W_magnification": 2.9729274446154546,
    "F277W_max_lensed_source_signal_to_noise_ratio": 14.547853615453224,
    "F444W_lens_magnitude_ab": 16.5526119578925,
    "F444W_lensed_source_magnitude_ab": 20.792404421330097,
    "F444W_source_magnitude_ab": 21.269017997078297,
    "F444W_magnification": 2.915820876308887,
    "F444W_max_lensed_source_signal_to_noise_ratio": 12.22069867152925,
    "F115W_lens_magnitude_ab": 19.56724700862499,
    "F115W_lensed_source_magnitude_ab": 21.458918397940696,
    "F115W_source_magnitude_ab": 23.15872982580886,
    "F115W_magnification": 2.977544620782358,
    "F115W_max_lensed_source_signal_to_noise_ratio": 4.819691548689634
}