{
    "einstein_radius": 0.773973130643344,
    "F277W_lens_magnitude_ab": 18.057567853040133,
    "F277W_lensed_source_magnitude_ab": 21.365191802992854,
    "F277W_source_magnitude_ab": 22.870909037224465,
    "F277W_magnification": 3.9857707904027078,
    "F277W_max_lensed_source_signal_to_noise_ratio": 8.28865328206031,
    "F444W_lens_magnitude_ab": 18.212420939429045,
    "F444W_lensed_source_magnitude_ab": 22.13610679885885,
    "F444W_source_magnitude_ab": 23.507204997805726,
    "F444W_magnification": 3.5022684874943764,
    "F444W_max_lensed_source_signal_to_noise_ratio": 4.823919767824579,
    "F150W_lens_magnitude_ab": 19.91628169514763,
    "F150W_lensed_source_magnitude_ab": 21.440521768658513,
    "F150W_source_magnitude_ab": 23.397412466500448,
    "F150W_magnification": 4.079433117031991,
    "F150W_max_lensed_source_signal_to_noise_ratio": 4.631776255888779,
    "F115W_lens_magnitude_ab": 20.127581552793202,
    "F115W_lensed_source_magnitude_ab": 21.51827364095647,
    "F115W_source_magnitude_ab": 23.784085558971828,
    "F115W_magnification": 3.322318089289191,
    "F115W_max_lensed_source_signal_to_noise_ratio": 3.1980050357823417
}