{
    "einstein_radius": 0.512096111449937,
    "F277W_lens_magnitude_ab": 18.579791482048982,
    "F277W_lensed_source_magnitude_ab": 22.17973165606567,
    "F277W_source_magnitude_ab": 22.370231540909728,
    "F277W_magnification": 3.4373438693652365,
    "F277W_max_lensed_source_signal_to_noise_ratio": 14.00644806969407,
    "F444W_lens_magnitude_ab": 19.23823816092839,
    "F444W_lensed_source_magnitude_ab": 22.374441260004687,
    "F444W_source_magnitude_ab": 22.413830959009857,
    "F444W_magnification": 4.152008666334804,
    "F444W_max_lensed_source_signal_to_noise_ratio": 10.730489825150274,
    "F150W_lens_magnitude_ab": 20.131022123503467,
    "F150W_lensed_source_magnitude_ab": 21.939584320195333,
    "F150W_source_magnitude_ab": 22.987417645894922,
    "F150W_magnification": 3.581677171234654,
    "F150W_max_lensed_source_signal_to_noise_ratio": 13.0535393716272,
    "F115W_lens_magnitude_ab": 20.270191675136967,
    "F115W_lensed_source_magnitude_ab": 21.89247738031954,
    "F115W_source_magnitude_ab": 22.944496768599553,
    "F115W_magnification": 3.1111670816054677,
    "F115W_max_lensed_source_signal_to_noise_ratio": 9.582926829083735
}