{
    "einstein_radius": 0.5161973415160451,
    "F150W_lens_magnitude_ab": 21.05903025037267,
    "F150W_lensed_source_magnitude_ab": 23.40992633374545,
    "F150W_source_magnitude_ab": 24.59934075366956,
    "F150W_magnification": 1.7117200848531944,
    "F150W_max_lensed_source_signal_to_noise_ratio": 7.551882835723146,
    "F277W_lens_magnitude_ab": 19.062666605472778,
    "F277W_lensed_source_magnitude_ab": 24.10357096623261,
    "F277W_source_magnitude_ab": 23.60072079137712,
    "F277W_magnification": 2.378428728337869,
    "F277W_max_lensed_source_signal_to_noise_ratio": 6.531950047774105,
    "F444W_lens_magnitude_ab": 19.488278543823846,
    "F444W_lensed_source_magnitude_ab": 24.89497820122255,
    "F444W_source_magnitude_ab": 25.010348098441256,
    "F444W_magnification": 1.74626591317663,
    "F444W_max_lensed_source_signal_to_noise_ratio": 2.6338062510666087,
    "F115W_lens_magnitude_ab": 21.079802648147194,
    "F115W_lensed_source_magnitude_ab": 23.927039592920593,
    "F115W_source_magnitude_ab": 24.5642013769397,
    "F115W_magnification": 1.5537348072466228,
    "F115W_max_lensed_source_signal_to_noise_ratio": 8.2263610542521
}