{
    "einstein_radius": 1.0720855828586109,
    "F277W_lens_magnitude_ab": 19.63519437158036,
    "F277W_lensed_source_magnitude_ab": 23.82938930241181,
    "F277W_source_magnitude_ab": 24.247074657823887,
    "F277W_magnification": 7.8951852041877375,
    "F277W_max_lensed_source_signal_to_noise_ratio": 3.4759486224693967,
    "F444W_lens_magnitude_ab": 19.768625791779318,
    "F444W_lensed_source_magnitude_ab": 24.267759385603483,
    "F444W_source_magnitude_ab": 24.691558442380906,
    "F444W_magnification": 8.321836124156636,
    "F444W_max_lensed_source_signal_to_noise_ratio": 2.4926689420149453,
    "F150W_lens_magnitude_ab": 21.561106266321254,
    "F150W_lensed_source_magnitude_ab": 24.143979564420476,
    "F150W_source_magnitude_ab": 26.46879971776223,
    "F150W_magnification": 5.974866500089173,
    "F150W_max_lensed_source_signal_to_noise_ratio": 2.214298086405969,
    "F115W_lens_magnitude_ab": 22.19066709315772,
    "F115W_lensed_source_magnitude_ab": 24.464586872608326,
    "F115W_source_magnitude_ab": 26.67405163843789,
    "F115W_magnification": 7.89893113010227,
    "F115W_max_lensed_source_signal_to_noise_ratio": 2.6441005002716675
}