{
    "einstein_radius": 0.4018357954972808,
    "F277W_lens_magnitude_ab": 14.930934536403221,
    "F277W_lensed_source_magnitude_ab": 21.499749111179426,
    "F277W_source_magnitude_ab": 21.581494987720895,
    "F277W_magnification": 1.735106931879657,
    "F277W_max_lensed_source_signal_to_noise_ratio": 51.399834420736305,
    "F444W_lens_magnitude_ab": 15.741492536285296,
    "F444W_lensed_source_magnitude_ab": 22.642525570617263,
    "F444W_source_magnitude_ab": 22.860993171780077,
    "F444W_magnification": 1.5151452553986384,
    "F444W_max_lensed_source_signal_to_noise_ratio": 29.512173499933603,
    "F150W_lens_magnitude_ab": 16.499277749465065,
    "F150W_lensed_source_magnitude_ab": 21.11704161528953,
    "F150W_source_magnitude_ab": 21.43055727031659,
    "F150W_magnification": 1.6590611121657648,
    "F150W_max_lensed_source_signal_to_noise_ratio": 31.24535488523711,
    "F115W_lens_magnitude_ab": 16.870667218417303,
    "F115W_lensed_source_magnitude_ab": 21.452477250911162,
    "F115W_source_magnitude_ab": 22.048115104353464,
    "F115W_magnification": 1.4947774656272657,
    "F115W_max_lensed_source_signal_to_noise_ratio": 25.951349451162358
}