{
    "einstein_radius": 0.6117682247777169,
    "F444W_lens_magnitude_ab": 19.26708851590942,
    "F444W_lensed_source_magnitude_ab": 23.740971551976145,
    "F444W_source_magnitude_ab": 23.69918043080513,
    "F444W_magnification": 2.47391379173697,
    "F444W_max_lensed_source_signal_to_noise_ratio": 9.395059408467722,
    "F277W_lens_magnitude_ab": 19.61429584496397,
    "F277W_lensed_source_magnitude_ab": 24.08788246216043,
    "F277W_source_magnitude_ab": 23.64661123842309,
    "F277W_magnification": 2.4226122856448176,
    "F277W_max_lensed_source_signal_to_noise_ratio": 8.219555217987521,
    "F150W_lens_magnitude_ab": 24.153572068573013,
    "F150W_lensed_source_magnitude_ab": Infinity,
    "F150W_source_magnitude_ab": Infinity,
    "F150W_magnification": NaN,
    "F150W_max_lensed_source_signal_to_noise_ratio": 0.0,
    "F115W_lens_magnitude_ab": 22.47479517542677,
    "F115W_lensed_source_magnitude_ab": 24.291679606203374,
    "F115W_source_magnitude_ab": 26.741542591642734,
    "F115W_magnification": 1.9622350764953236,
    "F115W_max_lensed_source_signal_to_noise_ratio": 4.155939551351972
}