{
    "einstein_radius": 0.41434031040953156,
    "F150W_lens_magnitude_ab": 22.48771549921209,
    "F150W_lensed_source_magnitude_ab": 23.422473247374526,
    "F150W_source_magnitude_ab": 23.353285784982305,
    "F150W_magnification": 4.885647485423681,
    "F150W_max_lensed_source_signal_to_noise_ratio": 22.646364470695335,
    "F277W_lens_magnitude_ab": 20.70040611753831,
    "F277W_lensed_source_magnitude_ab": 23.71758282100565,
    "F277W_source_magnitude_ab": 23.589776258794547,
    "F277W_magnification": 6.911384627126153,
    "F277W_max_lensed_source_signal_to_noise_ratio": 12.198200844783479,
    "F444W_lens_magnitude_ab": 20.62528356780849,
    "F444W_lensed_source_magnitude_ab": 23.602249041819373,
    "F444W_source_magnitude_ab": 23.31791113776699,
    "F444W_magnification": 7.045116679306896,
    "F444W_max_lensed_source_signal_to_noise_ratio": 10.09684902860643,
    "F115W_lens_magnitude_ab": 22.856752575038193,
    "F115W_lensed_source_magnitude_ab": 23.638823384286454,
    "F115W_source_magnitude_ab": 23.73861401791912,
    "F115W_magnification": 5.377034256963808,
    "F115W_max_lensed_source_signal_to_noise_ratio": 21.591786174737102
}