{
    "einstein_radius": 1.0698296131393108,
    "F277W_lens_magnitude_ab": 17.378025490566664,
    "F277W_lensed_source_magnitude_ab": 21.578396830804685,
    "F277W_source_magnitude_ab": 22.91564492569887,
    "F277W_magnification": 6.008082032961733,
    "F277W_max_lensed_source_signal_to_noise_ratio": 7.008944036135441,
    "F444W_lens_magnitude_ab": 17.569172440572366,
    "F444W_lensed_source_magnitude_ab": 21.75905076260096,
    "F444W_source_magnitude_ab": 23.175768406695905,
    "F444W_magnification": 5.831453144048373,
    "F444W_max_lensed_source_signal_to_noise_ratio": 5.355756815034365,
    "F150W_lens_magnitude_ab": 19.733270033079116,
    "F150W_lensed_source_magnitude_ab": 21.90172682552614,
    "F150W_source_magnitude_ab": 24.849202849910426,
    "F150W_magnification": 6.197082562694158,
    "F150W_max_lensed_source_signal_to_noise_ratio": 3.279184176943691,
    "F115W_lens_magnitude_ab": 20.21614045679478,
    "F115W_lensed_source_magnitude_ab": 22.573981677498168,
    "F115W_source_magnitude_ab": 25.305857920775093,
    "F115W_magnification": 7.500551364212808,
    "F115W_max_lensed_source_signal_to_noise_ratio": 0.9538909831696882
}