{
    "einstein_radius": 0.25891697594406127,
    "F277W_lens_magnitude_ab": 19.144867195196127,
    "F277W_lensed_source_magnitude_ab": 22.085137722090373,
    "F277W_source_magnitude_ab": 21.82573793218634,
    "F277W_magnification": 2.119072508974283,
    "F277W_max_lensed_source_signal_to_noise_ratio": 27.46707786935248,
    "F444W_lens_magnitude_ab": 19.69709202230112,
    "F444W_lensed_source_magnitude_ab": 22.77519587914441,
    "F444W_source_magnitude_ab": 22.609409709834093,
    "F444W_magnification": 1.9835024297229924,
    "F444W_max_lensed_source_signal_to_noise_ratio": 18.629956795928855,
    "F150W_lens_magnitude_ab": 21.01835164957597,
    "F150W_lensed_source_magnitude_ab": 22.2006630260337,
    "F150W_source_magnitude_ab": 22.582671199974598,
    "F150W_magnification": 1.7762051337938523,
    "F150W_max_lensed_source_signal_to_noise_ratio": 14.03233094103786,
    "F115W_lens_magnitude_ab": 21.251542324710133,
    "F115W_lensed_source_magnitude_ab": 22.289709835550994,
    "F115W_source_magnitude_ab": 22.625164548022617,
    "F115W_magnification": 2.015979328728041,
    "F115W_max_lensed_source_signal_to_noise_ratio": 13.532826560066843
}