{
    "einstein_radius": 1.0223187276306187,
    "F277W_lens_magnitude_ab": 18.816969080146457,
    "F277W_lensed_source_magnitude_ab": 22.46849672834501,
    "F277W_source_magnitude_ab": 22.517254158250676,
    "F277W_magnification": 0.7233204875563581,
    "F277W_max_lensed_source_signal_to_noise_ratio": 20.77779983607013,
    "F444W_lens_magnitude_ab": 18.78342678139471,
    "F444W_lensed_source_magnitude_ab": 22.476524274612355,
    "F444W_source_magnitude_ab": 22.56900359789322,
    "F444W_magnification": 1.6054312829709878,
    "F444W_max_lensed_source_signal_to_noise_ratio": 19.503289548596037,
    "F150W_lens_magnitude_ab": 21.09382478242503,
    "F150W_lensed_source_magnitude_ab": 23.071868258103915,
    "F150W_source_magnitude_ab": 24.41601038164863,
    "F150W_magnification": 3.7902770803887926,
    "F150W_max_lensed_source_signal_to_noise_ratio": 6.189189252285131,
    "F115W_lens_magnitude_ab": 21.67501369662213,
    "F115W_lensed_source_magnitude_ab": 23.54125318407759,
    "F115W_source_magnitude_ab": 24.746260004120714,
    "F115W_magnification": 3.5824847541468126,
    "F115W_max_lensed_source_signal_to_noise_ratio": 3.788094182403709
}