{
    "einstein_radius": 0.3234313308662476,
    "F150W_lens_magnitude_ab": 21.770395314544416,
    "F150W_lensed_source_magnitude_ab": 23.456992841179378,
    "F150W_source_magnitude_ab": 23.785745258558542,
    "F150W_magnification": 2.685931740691083,
    "F150W_max_lensed_source_signal_to_noise_ratio": 8.003172744269161,
    "F277W_lens_magnitude_ab": 19.69075655921347,
    "F277W_lensed_source_magnitude_ab": 23.392425836525945,
    "F277W_source_magnitude_ab": 22.866578715930004,
    "F277W_magnification": 2.5783017929066108,
    "F277W_max_lensed_source_signal_to_noise_ratio": 10.730880193038633,
    "F444W_lens_magnitude_ab": 19.901476247728308,
    "F444W_lensed_source_magnitude_ab": 24.173081057228988,
    "F444W_source_magnitude_ab": 24.260203114982275,
    "F444W_magnification": 1.8551105309223128,
    "F444W_max_lensed_source_signal_to_noise_ratio": 5.070763870074994,
    "F115W_lens_magnitude_ab": 21.847312378650617,
    "F115W_lensed_source_magnitude_ab": 23.536814853955264,
    "F115W_source_magnitude_ab": 24.066579077206164,
    "F115W_magnification": 2.7390483089518503,
    "F115W_max_lensed_source_signal_to_noise_ratio": 6.671425706893058
}