{
    "einstein_radius": 0.3698990983879125,
    "F150W_lens_magnitude_ab": 22.531253325859645,
    "F150W_lensed_source_magnitude_ab": 23.848048778423045,
    "F150W_source_magnitude_ab": 24.68369708951832,
    "F150W_magnification": 1.6730258206411535,
    "F150W_max_lensed_source_signal_to_noise_ratio": 5.685728633625689,
    "F277W_lens_magnitude_ab": 20.566669495272293,
    "F277W_lensed_source_magnitude_ab": 24.335423569766398,
    "F277W_source_magnitude_ab": 24.20192640527426,
    "F277W_magnification": 2.7031189812561647,
    "F277W_max_lensed_source_signal_to_noise_ratio": 4.605649217417357,
    "F444W_lens_magnitude_ab": 20.612485022031,
    "F444W_lensed_source_magnitude_ab": 25.01051834349026,
    "F444W_source_magnitude_ab": 24.909025440782017,
    "F444W_magnification": 3.6273850538650065,
    "F444W_max_lensed_source_signal_to_noise_ratio": 3.2163575447506387,
    "F115W_lens_magnitude_ab": 22.748285679839576,
    "F115W_lensed_source_magnitude_ab": 24.39749192202903,
    "F115W_source_magnitude_ab": 25.131372124659908,
    "F115W_magnification": 1.9679371033235364,
    "F115W_max_lensed_source_signal_to_noise_ratio": 5.673705732969901
}