{
    "einstein_radius": 0.4389132181094449,
    "F150W_lens_magnitude_ab": 21.87195160110152,
    "F150W_lensed_source_magnitude_ab": 23.645083659644094,
    "F150W_source_magnitude_ab": 23.419613606758745,
    "F150W_magnification": 1.5875122291379822,
    "F150W_max_lensed_source_signal_to_noise_ratio": 8.286157401493094,
    "F277W_lens_magnitude_ab": 19.951815786686762,
    "F277W_lensed_source_magnitude_ab": 23.741747415110236,
    "F277W_source_magnitude_ab": 23.3529109193029,
    "F277W_magnification": 1.5761489463697707,
    "F277W_max_lensed_source_signal_to_noise_ratio": 11.570978230124986,
    "F444W_lens_magnitude_ab": 20.087996577876535,
    "F444W_lensed_source_magnitude_ab": 24.225100842700595,
    "F444W_source_magnitude_ab": 24.21827343971719,
    "F444W_magnification": 1.513866238652581,
    "F444W_max_lensed_source_signal_to_noise_ratio": 6.823493103573138,
    "F115W_lens_magnitude_ab": 22.094787082813305,
    "F115W_lensed_source_magnitude_ab": 23.801932086872995,
    "F115W_source_magnitude_ab": 23.53889876402188,
    "F115W_magnification": 1.6788523373519457,
    "F115W_max_lensed_source_signal_to_noise_ratio": 6.429470122906987
}