{
    "einstein_radius": 0.5092091651417965,
    "F277W_lens_magnitude_ab": 19.869208041971383,
    "F277W_lensed_source_magnitude_ab": 25.142590199210794,
    "F277W_source_magnitude_ab": 24.52421259977371,
    "F277W_magnification": 2.818147902659279,
    "F277W_max_lensed_source_signal_to_noise_ratio": 7.783285641936002,
    "F444W_lens_magnitude_ab": 20.479193613623593,
    "F444W_lensed_source_magnitude_ab": 25.476607709202163,
    "F444W_source_magnitude_ab": 24.56485184783666,
    "F444W_magnification": 2.3831366504111506,
    "F444W_max_lensed_source_signal_to_noise_ratio": 4.43843714874736,
    "F150W_lens_magnitude_ab": 21.322022604491313,
    "F150W_lensed_source_magnitude_ab": 23.949343364390696,
    "F150W_source_magnitude_ab": 24.498194605583667,
    "F150W_magnification": 2.380725843766038,
    "F150W_max_lensed_source_signal_to_noise_ratio": 9.95590473846784,
    "F115W_lens_magnitude_ab": 21.462876335084065,
    "F115W_lensed_source_magnitude_ab": 24.043013120034345,
    "F115W_source_magnitude_ab": 24.66156897193311,
    "F115W_magnification": 2.4100301519159326,
    "F115W_max_lensed_source_signal_to_noise_ratio": 5.439160366711316
}