{
    "einstein_radius": 0.9049612722247332,
    "F277W_lens_magnitude_ab": 16.39843604391454,
    "F277W_lensed_source_magnitude_ab": 21.23590638487782,
    "F277W_source_magnitude_ab": 21.83498567218284,
    "F277W_magnification": 3.7738649043704564,
    "F277W_max_lensed_source_signal_to_noise_ratio": 26.177811372423637,
    "F444W_lens_magnitude_ab": 17.054209451722826,
    "F444W_lensed_source_magnitude_ab": 21.50669897682547,
    "F444W_source_magnitude_ab": 21.687727161080247,
    "F444W_magnification": 4.166191868659613,
    "F444W_max_lensed_source_signal_to_noise_ratio": 27.645265606674275,
    "F150W_lens_magnitude_ab": 18.262737141459006,
    "F150W_lensed_source_magnitude_ab": 21.31742701023814,
    "F150W_source_magnitude_ab": 23.33165520925685,
    "F150W_magnification": 3.662810748136906,
    "F150W_max_lensed_source_signal_to_noise_ratio": 9.74024527212525,
    "F115W_lens_magnitude_ab": 18.67879206714181,
    "F115W_lensed_source_magnitude_ab": 21.72532428019923,
    "F115W_source_magnitude_ab": 24.00498210849059,
    "F115W_magnification": 3.716476754070682,
    "F115W_max_lensed_source_signal_to_noise_ratio": 5.104813643424903
}