{
    "einstein_radius": 0.4825184659610384,
    "F150W_lens_magnitude_ab": 21.16610330425533,
    "F150W_lensed_source_magnitude_ab": 22.985858616277447,
    "F150W_source_magnitude_ab": 24.13074328560424,
    "F150W_magnification": 3.328545491120813,
    "F150W_max_lensed_source_signal_to_noise_ratio": 6.221655299812339,
    "F277W_lens_magnitude_ab": 18.736531279360914,
    "F277W_lensed_source_magnitude_ab": 22.865713955747605,
    "F277W_source_magnitude_ab": 23.45483432284094,
    "F277W_magnification": 3.315302437987751,
    "F277W_max_lensed_source_signal_to_noise_ratio": 9.846838300730022,
    "F444W_lens_magnitude_ab": 18.52626731557518,
    "F444W_lensed_source_magnitude_ab": 22.820943036963495,
    "F444W_source_magnitude_ab": 22.994579493062623,
    "F444W_magnification": 3.3027689556314472,
    "F444W_max_lensed_source_signal_to_noise_ratio": 9.347030083386795,
    "F115W_lens_magnitude_ab": 21.569040296829645,
    "F115W_lensed_source_magnitude_ab": 23.319436815368086,
    "F115W_source_magnitude_ab": 24.95653435573756,
    "F115W_magnification": 3.1117523859484764,
    "F115W_max_lensed_source_signal_to_noise_ratio": 3.8933300636785346
}