{
    "einstein_radius": 0.47003165370060274,
    "F150W_lens_magnitude_ab": 19.042603018590754,
    "F150W_lensed_source_magnitude_ab": 21.795386635678426,
    "F150W_source_magnitude_ab": 22.976888017673655,
    "F150W_magnification": 2.890640603304785,
    "F150W_max_lensed_source_signal_to_noise_ratio": 12.63395718063829,
    "F277W_lens_magnitude_ab": 16.83271355932274,
    "F277W_lensed_source_magnitude_ab": 21.55881015496945,
    "F277W_source_magnitude_ab": 21.724035552371376,
    "F277W_magnification": 3.184803915439952,
    "F277W_max_lensed_source_signal_to_noise_ratio": 27.134385825471067,
    "F444W_lens_magnitude_ab": 17.444233974958824,
    "F444W_lensed_source_magnitude_ab": 22.16939410663231,
    "F444W_source_magnitude_ab": 22.168122722087755,
    "F444W_magnification": 3.4401037390112577,
    "F444W_max_lensed_source_signal_to_noise_ratio": 20.157244180130622,
    "F115W_lens_magnitude_ab": 19.44631236100673,
    "F115W_lensed_source_magnitude_ab": 22.201892573039256,
    "F115W_source_magnitude_ab": 23.714691921549502,
    "F115W_magnification": 3.031627686246786,
    "F115W_max_lensed_source_signal_to_noise_ratio": 9.32895767924484
}