{
    "einstein_radius": 0.17442594973273962,
    "F150W_lens_magnitude_ab": 20.870032314351526,
    "F150W_lensed_source_magnitude_ab": 21.69887834797882,
    "F150W_source_magnitude_ab": 22.69993899046202,
    "F150W_magnification": 1.5669494619911188,
    "F150W_max_lensed_source_signal_to_noise_ratio": 14.250553457515293,
    "F277W_lens_magnitude_ab": 18.97023090289964,
    "F277W_lensed_source_magnitude_ab": 21.540849549228017,
    "F277W_source_magnitude_ab": 22.377056006609642,
    "F277W_magnification": 1.7315665383813934,
    "F277W_max_lensed_source_signal_to_noise_ratio": 37.335874226720065,
    "F444W_lens_magnitude_ab": 19.580785280107452,
    "F444W_lensed_source_magnitude_ab": 22.184811496572912,
    "F444W_source_magnitude_ab": 22.20245049176254,
    "F444W_magnification": 1.611356868248389,
    "F444W_max_lensed_source_signal_to_noise_ratio": 26.476237217699445,
    "F115W_lens_magnitude_ab": 21.043530158389125,
    "F115W_lensed_source_magnitude_ab": 22.086696114144633,
    "F115W_source_magnitude_ab": 22.857082982455566,
    "F115W_magnification": 1.6191364424393986,
    "F115W_max_lensed_source_signal_to_noise_ratio": 11.262443899241797
}