{
    "einstein_radius": 0.5465970284061091,
    "F277W_lens_magnitude_ab": 19.473261499724234,
    "F277W_lensed_source_magnitude_ab": 22.5298825460234,
    "F277W_source_magnitude_ab": 22.810372119987576,
    "F277W_magnification": 4.776323922500458,
    "F277W_max_lensed_source_signal_to_noise_ratio": 7.457091040598586,
    "F444W_lens_magnitude_ab": 19.794707130479715,
    "F444W_lensed_source_magnitude_ab": 22.883522943235796,
    "F444W_source_magnitude_ab": 23.23734935295097,
    "F444W_magnification": 4.580648336092573,
    "F444W_max_lensed_source_signal_to_noise_ratio": 5.459959216107767,
    "F150W_lens_magnitude_ab": 21.63093776641933,
    "F150W_lensed_source_magnitude_ab": 22.530593978094785,
    "F150W_source_magnitude_ab": 23.720472376886875,
    "F150W_magnification": 4.175779361970031,
    "F150W_max_lensed_source_signal_to_noise_ratio": 4.027685219612893,
    "F115W_lens_magnitude_ab": 21.491096485162082,
    "F115W_lensed_source_magnitude_ab": 22.506914212420426,
    "F115W_source_magnitude_ab": 24.515886882471783,
    "F115W_magnification": 3.4881052888119433,
    "F115W_max_lensed_source_signal_to_noise_ratio": 2.618303517563026
}