{
    "einstein_radius": 0.4976919285778008,
    "F277W_lens_magnitude_ab": 20.769543962095053,
    "F277W_lensed_source_magnitude_ab": 24.187254627176728,
    "F277W_source_magnitude_ab": 23.722292858414477,
    "F277W_magnification": 2.6272053078836444,
    "F277W_max_lensed_source_signal_to_noise_ratio": 12.808294106293367,
    "F444W_lens_magnitude_ab": 20.17616431164968,
    "F444W_lensed_source_magnitude_ab": 23.62838688592916,
    "F444W_source_magnitude_ab": 23.050837636027794,
    "F444W_magnification": 2.5609572751651175,
    "F444W_max_lensed_source_signal_to_noise_ratio": 13.919054438519664,
    "F150W_lens_magnitude_ab": 23.03876841664096,
    "F150W_lensed_source_magnitude_ab": 25.1403079087708,
    "F150W_source_magnitude_ab": 26.88705794643748,
    "F150W_magnification": 2.4601956655104185,
    "F150W_max_lensed_source_signal_to_noise_ratio": 4.24065705380261,
    "F115W_lens_magnitude_ab": 23.236249306556644,
    "F115W_lensed_source_magnitude_ab": Infinity,
    "F115W_source_magnitude_ab": Infinity,
    "F115W_magnification": NaN,
    "F115W_max_lensed_source_signal_to_noise_ratio": 0.0
}