{
    "einstein_radius": 0.4106500789459106,
    "F150W_lens_magnitude_ab": 22.266579038452598,
    "F150W_lensed_source_magnitude_ab": 23.12021726087235,
    "F150W_source_magnitude_ab": 23.938141216680506,
    "F150W_magnification": 2.9219552700936404,
    "F150W_max_lensed_source_signal_to_noise_ratio": 5.701896426841192,
    "F277W_lens_magnitude_ab": 19.229518213858718,
    "F277W_lensed_source_magnitude_ab": 23.14286823406136,
    "F277W_source_magnitude_ab": 23.15148679440838,
    "F277W_magnification": 3.038175019314332,
    "F277W_max_lensed_source_signal_to_noise_ratio": 9.519646784249417,
    "F444W_lens_magnitude_ab": 18.762798437444985,
    "F444W_lensed_source_magnitude_ab": 22.67783842873916,
    "F444W_source_magnitude_ab": 21.86510554997387,
    "F444W_magnification": 3.34092494873734,
    "F444W_max_lensed_source_signal_to_noise_ratio": 10.606680179462078,
    "F115W_lens_magnitude_ab": 23.105863215918113,
    "F115W_lensed_source_magnitude_ab": 23.649827840572797,
    "F115W_source_magnitude_ab": 24.8743326967106,
    "F115W_magnification": 3.294193815763722,
    "F115W_max_lensed_source_signal_to_noise_ratio": 2.9033397256809983
}