{
    "einstein_radius": 0.32909799240239596,
    "F150W_lens_magnitude_ab": 22.70171609889783,
    "F150W_lensed_source_magnitude_ab": 23.842724688848037,
    "F150W_source_magnitude_ab": 24.919977424475462,
    "F150W_magnification": 2.7826197447973926,
    "F150W_max_lensed_source_signal_to_noise_ratio": 3.3094831333582024,
    "F277W_lens_magnitude_ab": 20.404349195576515,
    "F277W_lensed_source_magnitude_ab": 23.63978700764591,
    "F277W_source_magnitude_ab": 23.38343945985274,
    "F277W_magnification": 5.936486745221044,
    "F277W_max_lensed_source_signal_to_noise_ratio": 6.883106147984682,
    "F444W_lens_magnitude_ab": 20.07872528025598,
    "F444W_lensed_source_magnitude_ab": 23.332386741218016,
    "F444W_source_magnitude_ab": 23.06388382075373,
    "F444W_magnification": 5.081907579941025,
    "F444W_max_lensed_source_signal_to_noise_ratio": 8.167404099401553,
    "F115W_lens_magnitude_ab": 23.203336593732317,
    "F115W_lensed_source_magnitude_ab": 24.588989460444097,
    "F115W_source_magnitude_ab": 26.06704024528024,
    "F115W_magnification": 2.6086684365305577,
    "F115W_max_lensed_source_signal_to_noise_ratio": 2.172074610520894
}