{
    "einstein_radius": 1.165551135106829,
    "F277W_lens_magnitude_ab": 15.65555945604618,
    "F277W_lensed_source_magnitude_ab": 21.1542306125794,
    "F277W_source_magnitude_ab": 21.666923143857197,
    "F277W_magnification": 3.5457722622453085,
    "F277W_max_lensed_source_signal_to_noise_ratio": 31.500802338278056,
    "F444W_lens_magnitude_ab": 16.403879475324466,
    "F444W_lensed_source_magnitude_ab": 21.479533062457985,
    "F444W_source_magnitude_ab": 21.637167056707028,
    "F444W_magnification": 4.074109783425186,
    "F444W_max_lensed_source_signal_to_noise_ratio": 32.021168158537265,
    "F150W_lens_magnitude_ab": 17.580839933894488,
    "F150W_lensed_source_magnitude_ab": 21.266264981838688,
    "F150W_source_magnitude_ab": 22.36254105789979,
    "F150W_magnification": 2.334312770191818,
    "F150W_max_lensed_source_signal_to_noise_ratio": 10.27289102452841
}