{
    "einstein_radius": 0.6364225746255308,
    "F277W_lens_magnitude_ab": 20.141858578463033,
    "F277W_lensed_source_magnitude_ab": 23.53559120006706,
    "F277W_source_magnitude_ab": 23.575798501728787,
    "F277W_magnification": 3.6026247274516967,
    "F277W_max_lensed_source_signal_to_noise_ratio": 5.050944943110928,
    "F444W_lens_magnitude_ab": 20.15954377116,
    "F444W_lensed_source_magnitude_ab": 23.366977685233916,
    "F444W_source_magnitude_ab": 23.455341003677884,
    "F444W_magnification": 3.489597563648472,
    "F444W_max_lensed_source_signal_to_noise_ratio": 5.353742772781236,
    "F150W_lens_magnitude_ab": 22.146374486545696,
    "F150W_lensed_source_magnitude_ab": 23.601274684719993,
    "F150W_source_magnitude_ab": 24.977033176694626,
    "F150W_magnification": 4.93308912900189,
    "F150W_max_lensed_source_signal_to_noise_ratio": 3.53047210531271,
    "F115W_lens_magnitude_ab": 22.785698000235012,
    "F115W_lensed_source_magnitude_ab": 23.710384832624925,
    "F115W_source_magnitude_ab": 25.030997721120027,
    "F115W_magnification": 3.4546241413563874,
    "F115W_max_lensed_source_signal_to_noise_ratio": 4.862141323784687
}