{
    "einstein_radius": 0.21022032691370268,
    "F277W_lens_magnitude_ab": 19.37470570145976,
    "F277W_lensed_source_magnitude_ab": 23.422824265899074,
    "F277W_source_magnitude_ab": 22.704344680141055,
    "F277W_magnification": 1.6284639652205652,
    "F277W_max_lensed_source_signal_to_noise_ratio": 12.537391004638573,
    "F444W_lens_magnitude_ab": 19.347637738575607,
    "F444W_lensed_source_magnitude_ab": 23.535543832959085,
    "F444W_source_magnitude_ab": 23.658943911028935,
    "F444W_magnification": 2.214854273439352,
    "F444W_max_lensed_source_signal_to_noise_ratio": 10.174569749879858,
    "F150W_lens_magnitude_ab": 21.82420474679168,
    "F150W_lensed_source_magnitude_ab": 23.667909701277537,
    "F150W_source_magnitude_ab": 24.200304056439972,
    "F150W_magnification": 1.7080800185233074,
    "F150W_max_lensed_source_signal_to_noise_ratio": 12.29506985793858,
    "F115W_lens_magnitude_ab": 22.2090564151531,
    "F115W_lensed_source_magnitude_ab": 24.274049448492846,
    "F115W_source_magnitude_ab": 25.123296706338014,
    "F115W_magnification": 1.3082405088498013,
    "F115W_max_lensed_source_signal_to_noise_ratio": 7.968619621173689
}