{
    "einstein_radius": 0.9375487536318807,
    "F444W_lens_magnitude_ab": 17.95678422983044,
    "F444W_lensed_source_magnitude_ab": 23.56923374711794,
    "F444W_source_magnitude_ab": 24.157841749568178,
    "F444W_magnification": 2.768342978828554,
    "F444W_max_lensed_source_signal_to_noise_ratio": 4.025047403717319,
    "F277W_lens_magnitude_ab": 18.459041399408648,
    "F277W_lensed_source_magnitude_ab": 23.533217321272037,
    "F277W_source_magnitude_ab": 23.769160270493003,
    "F277W_magnification": 3.241078679524674,
    "F277W_max_lensed_source_signal_to_noise_ratio": 4.667093647617975,
    "F150W_lens_magnitude_ab": 21.21169765911126,
    "F150W_lensed_source_magnitude_ab": 23.822041340591618,
    "F150W_source_magnitude_ab": 25.895433026205737,
    "F150W_magnification": 2.1194173085609394,
    "F150W_max_lensed_source_signal_to_noise_ratio": 3.279183547202818,
    "F115W_lens_magnitude_ab": 22.431786259968742,
    "F115W_lensed_source_magnitude_ab": 24.01629785606311,
    "F115W_source_magnitude_ab": 25.44137250334816,
    "F115W_magnification": 1.564041623968501,
    "F115W_max_lensed_source_signal_to_noise_ratio": 3.1592185433754225
}