{
    "einstein_radius": 0.32933245855927246,
    "F150W_lens_magnitude_ab": 22.29413235345222,
    "F150W_lensed_source_magnitude_ab": 23.595153526436714,
    "F150W_source_magnitude_ab": 23.380345154032366,
    "F150W_magnification": 2.1636218151576694,
    "F150W_max_lensed_source_signal_to_noise_ratio": 21.987264618092677,
    "F277W_lens_magnitude_ab": 19.793829016778037,
    "F277W_lensed_source_magnitude_ab": 23.549456153710153,
    "F277W_source_magnitude_ab": 22.980614176481488,
    "F277W_magnification": 2.6268355278849325,
    "F277W_max_lensed_source_signal_to_noise_ratio": 31.84219232808713,
    "F444W_lens_magnitude_ab": 19.345394836419903,
    "F444W_lensed_source_magnitude_ab": 23.50390529226312,
    "F444W_source_magnitude_ab": 22.55397069675149,
    "F444W_magnification": 2.8973003126346577,
    "F444W_max_lensed_source_signal_to_noise_ratio": 24.9983036528088,
    "F115W_lens_magnitude_ab": 22.87461627184441,
    "F115W_lensed_source_magnitude_ab": 24.014225160081814,
    "F115W_source_magnitude_ab": 23.85446295905401,
    "F115W_magnification": 1.9893802624339716,
    "F115W_max_lensed_source_signal_to_noise_ratio": 15.887638010169807
}