{
    "einstein_radius": 0.4447925536573982,
    "F444W_lens_magnitude_ab": 17.8809313693249,
    "F444W_lensed_source_magnitude_ab": 21.308343748073597,
    "F444W_source_magnitude_ab": 21.535580093939203,
    "F444W_magnification": 2.5435398792064037,
    "F444W_max_lensed_source_signal_to_noise_ratio": 22.28393758187418,
    "F277W_lens_magnitude_ab": 17.614898580299915,
    "F277W_lensed_source_magnitude_ab": 21.268533427134994,
    "F277W_source_magnitude_ab": 21.373542856005237,
    "F277W_magnification": 2.7764039772471754,
    "F277W_max_lensed_source_signal_to_noise_ratio": 19.404907937069297,
    "F150W_lens_magnitude_ab": 20.133744241650856,
    "F150W_lensed_source_magnitude_ab": 21.521965721455647,
    "F150W_source_magnitude_ab": 23.3037186451369,
    "F150W_magnification": 2.774324829227567,
    "F150W_max_lensed_source_signal_to_noise_ratio": 4.5801289026062895,
    "F115W_lens_magnitude_ab": 20.58808458265816,
    "F115W_lensed_source_magnitude_ab": 22.021967374426858,
    "F115W_source_magnitude_ab": 24.04632975723272,
    "F115W_magnification": 3.173698350479812,
    "F115W_max_lensed_source_signal_to_noise_ratio": 2.729565737502165
}