{
    "einstein_radius": 0.4621278201549066,
    "F150W_lens_magnitude_ab": 20.870576372367598,
    "F150W_lensed_source_magnitude_ab": 22.819054943973477,
    "F150W_source_magnitude_ab": 24.23946755438227,
    "F150W_magnification": 1.8268974472738797,
    "F150W_max_lensed_source_signal_to_noise_ratio": 6.646620059681007,
    "F277W_lens_magnitude_ab": 19.038372413807664,
    "F277W_lensed_source_magnitude_ab": 23.32399382921653,
    "F277W_source_magnitude_ab": 23.703279047462033,
    "F277W_magnification": 1.6488069501762455,
    "F277W_max_lensed_source_signal_to_noise_ratio": 8.634950040623359
}