{
    "einstein_radius": 0.33114691173794486,
    "F444W_lens_magnitude_ab": 19.52518049578179,
    "F444W_lensed_source_magnitude_ab": 21.886134991216295,
    "F444W_source_magnitude_ab": 21.325725958186595,
    "F444W_magnification": 3.138863598996099,
    "F444W_max_lensed_source_signal_to_noise_ratio": 26.33030321874203,
    "F277W_lens_magnitude_ab": 19.62169226329482,
    "F277W_lensed_source_magnitude_ab": 22.02102571735257,
    "F277W_source_magnitude_ab": 21.79258680711794,
    "F277W_magnification": 3.0395760415203568,
    "F277W_max_lensed_source_signal_to_noise_ratio": 25.553827311974043,
    "F150W_lens_magnitude_ab": 21.64525756251725,
    "F150W_lensed_source_magnitude_ab": 22.137921812875746,
    "F150W_source_magnitude_ab": 23.3215903007926,
    "F150W_magnification": 2.831073294768346,
    "F150W_max_lensed_source_signal_to_noise_ratio": 10.569557128549992,
    "F115W_lens_magnitude_ab": 21.99143921732927,
    "F115W_lensed_source_magnitude_ab": 22.3572677129889,
    "F115W_source_magnitude_ab": 23.801185920785816,
    "F115W_magnification": 2.5319162653644365,
    "F115W_max_lensed_source_signal_to_noise_ratio": 7.3838322358755795
}