{
    "einstein_radius": 0.9631711484082647,
    "F277W_lens_magnitude_ab": 18.81036845873005,
    "F277W_lensed_source_magnitude_ab": 22.542912667605776,
    "F277W_source_magnitude_ab": 22.694119543709583,
    "F277W_magnification": 2.964967110693027,
    "F277W_max_lensed_source_signal_to_noise_ratio": 15.605588150838104,
    "F444W_lens_magnitude_ab": 29.32105953780604,
    "F444W_lensed_source_magnitude_ab": Infinity,
    "F444W_source_magnitude_ab": Infinity,
    "F444W_magnification": NaN,
    "F444W_max_lensed_source_signal_to_noise_ratio": 0.0
}