{
    "einstein_radius": 0.4180626943241655,
    "F150W_lens_magnitude_ab": 22.46219664054829,
    "F150W_lensed_source_magnitude_ab": 24.218433909828594,
    "F150W_source_magnitude_ab": 24.636286201280694,
    "F150W_magnification": 2.3870065957070454,
    "F150W_max_lensed_source_signal_to_noise_ratio": 4.277846628866058,
    "F277W_lens_magnitude_ab": 20.383963752516323,
    "F277W_lensed_source_magnitude_ab": 24.20401484285352,
    "F277W_source_magnitude_ab": 23.911800844004542,
    "F277W_magnification": 2.952148650692734,
    "F277W_max_lensed_source_signal_to_noise_ratio": 6.540672810800048,
    "F444W_lens_magnitude_ab": 20.071368047375707,
    "F444W_lensed_source_magnitude_ab": 23.945154199297853,
    "F444W_source_magnitude_ab": 24.5740719684007,
    "F444W_magnification": 3.1147936643965184,
    "F444W_max_lensed_source_signal_to_noise_ratio": 6.725722005333713,
    "F115W_lens_magnitude_ab": 22.749161494476077,
    "F115W_lensed_source_magnitude_ab": 24.396547982207036,
    "F115W_source_magnitude_ab": 25.149277012236176,
    "F115W_magnification": 1.833721461505372,
    "F115W_max_lensed_source_signal_to_noise_ratio": 1.9290318486901183
}