{
    "einstein_radius": 0.5229304534614515,
    "F277W_lens_magnitude_ab": 19.816700087557038,
    "F277W_lensed_source_magnitude_ab": 22.964841072207136,
    "F277W_source_magnitude_ab": 22.899700911401446,
    "F277W_magnification": 7.656643274961629,
    "F277W_max_lensed_source_signal_to_noise_ratio": 13.033219029418277,
    "F444W_lens_magnitude_ab": 19.62141838845908,
    "F444W_lensed_source_magnitude_ab": 22.963068371907234,
    "F444W_source_magnitude_ab": 23.54512563297274,
    "F444W_magnification": 6.6933159874600845,
    "F444W_max_lensed_source_signal_to_noise_ratio": 10.25415366749728,
    "F150W_lens_magnitude_ab": 21.878974651123073,
    "F150W_lensed_source_magnitude_ab": 22.927313755997606,
    "F150W_source_magnitude_ab": 23.859171545393288,
    "F150W_magnification": 5.7545123635361435,
    "F150W_max_lensed_source_signal_to_noise_ratio": 5.107737238743628,
    "F115W_lens_magnitude_ab": 22.17574191288834,
    "F115W_lensed_source_magnitude_ab": 23.000932700460513,
    "F115W_source_magnitude_ab": 24.031425211003963,
    "F115W_magnification": 4.59555870986366,
    "F115W_max_lensed_source_signal_to_noise_ratio": 4.280368441029546
}