{
    "einstein_radius": 1.0666193613525958,
    "F444W_lens_magnitude_ab": 18.01525186471055,
    "F444W_lensed_source_magnitude_ab": 21.978179327655944,
    "F444W_source_magnitude_ab": 21.680254926462506,
    "F444W_magnification": 4.769470162938235,
    "F444W_max_lensed_source_signal_to_noise_ratio": 15.604567742721317,
    "F277W_lens_magnitude_ab": 17.40606527476205,
    "F277W_lensed_source_magnitude_ab": 22.213141188306235,
    "F277W_source_magnitude_ab": 22.476960949655883,
    "F277W_magnification": 4.027249097699836,
    "F277W_max_lensed_source_signal_to_noise_ratio": 8.338355064454843,
    "F150W_lens_magnitude_ab": 19.566756471996257,
    "F150W_lensed_source_magnitude_ab": 23.43302345707492,
    "F150W_source_magnitude_ab": 25.985236412435782,
    "F150W_magnification": 5.300510778874849,
    "F150W_max_lensed_source_signal_to_noise_ratio": 2.77123659416975,
    "F115W_lens_magnitude_ab": 19.98213065234444,
    "F115W_lensed_source_magnitude_ab": 23.72731520625425,
    "F115W_source_magnitude_ab": 26.612890503022733,
    "F115W_magnification": 3.0726903922816646,
    "F115W_max_lensed_source_signal_to_noise_ratio": 2.4062595731517553
}