{
    "einstein_radius": 0.547574580317997,
    "F150W_lens_magnitude_ab": 19.187886913111466,
    "F150W_lensed_source_magnitude_ab": 21.284107238904905,
    "F150W_source_magnitude_ab": 23.40462857362235,
    "F150W_magnification": 2.4998503486883905,
    "F150W_max_lensed_source_signal_to_noise_ratio": 8.883843974663955,
    "F277W_lens_magnitude_ab": 16.65861961920766,
    "F277W_lensed_source_magnitude_ab": 21.40351451520039,
    "F277W_source_magnitude_ab": 20.887308283369347,
    "F277W_magnification": 2.499296395460622,
    "F277W_max_lensed_source_signal_to_noise_ratio": 16.041283795156044,
    "F444W_lens_magnitude_ab": 17.29758837811741,
    "F444W_lensed_source_magnitude_ab": 21.55623683190015,
    "F444W_source_magnitude_ab": 22.09013959304137,
    "F444W_magnification": 2.580187263102636,
    "F444W_max_lensed_source_signal_to_noise_ratio": 14.668356783458961,
    "F115W_lens_magnitude_ab": 19.70056591934506,
    "F115W_lensed_source_magnitude_ab": 21.65318291516889,
    "F115W_source_magnitude_ab": 24.166180389459843,
    "F115W_magnification": 2.3052776657414586,
    "F115W_max_lensed_source_signal_to_noise_ratio": 5.651278269281074
}