{
    "einstein_radius": 0.38302534641951647,
    "F150W_lens_magnitude_ab": 23.258345924973362,
    "F150W_lensed_source_magnitude_ab": 22.81695270006615,
    "F150W_source_magnitude_ab": 23.256805200083853,
    "F150W_magnification": 3.8475426629128444,
    "F150W_max_lensed_source_signal_to_noise_ratio": 15.319261758659257,
    "F277W_lens_magnitude_ab": 20.75961476020496,
    "F277W_lensed_source_magnitude_ab": 22.543843689935336,
    "F277W_source_magnitude_ab": 22.43861592982951,
    "F277W_magnification": 4.382607043148672,
    "F277W_max_lensed_source_signal_to_noise_ratio": 13.860377478595586,
    "F444W_lens_magnitude_ab": 20.994467787840332,
    "F444W_lensed_source_magnitude_ab": 22.413776256329133,
    "F444W_source_magnitude_ab": 22.124105503105277,
    "F444W_magnification": 4.557659878567813,
    "F444W_max_lensed_source_signal_to_noise_ratio": 12.06265496433286,
    "F115W_lens_magnitude_ab": 23.527850527985184,
    "F115W_lensed_source_magnitude_ab": 22.82280577005867,
    "F115W_source_magnitude_ab": 23.332333203687412,
    "F115W_magnification": 3.6573506371869295,
    "F115W_max_lensed_source_signal_to_noise_ratio": 13.545359308704816
}