{
    "einstein_radius": 0.6747195376451033,
    "F277W_lens_magnitude_ab": 17.55179289173502,
    "F277W_lensed_source_magnitude_ab": 21.806463624055276,
    "F277W_source_magnitude_ab": 21.7690136219965,
    "F277W_magnification": 2.340703772179342,
    "F277W_max_lensed_source_signal_to_noise_ratio": 29.0788106091417,
    "F444W_lens_magnitude_ab": 17.233853926599373,
    "F444W_lensed_source_magnitude_ab": 21.680046577682813,
    "F444W_source_magnitude_ab": 21.652843139075102,
    "F444W_magnification": 2.358215190680941,
    "F444W_max_lensed_source_signal_to_noise_ratio": 25.068281960478558,
    "F150W_lens_magnitude_ab": 20.04584413769852,
    "F150W_lensed_source_magnitude_ab": 21.918562978940002,
    "F150W_source_magnitude_ab": 22.508436199721785,
    "F150W_magnification": 2.4520796602872315,
    "F150W_max_lensed_source_signal_to_noise_ratio": 19.855827208032277,
    "F115W_lens_magnitude_ab": 21.252356050504208,
    "F115W_lensed_source_magnitude_ab": 22.148844774344283,
    "F115W_source_magnitude_ab": 23.231569126441215,
    "F115W_magnification": 2.195870974469169,
    "F115W_max_lensed_source_signal_to_noise_ratio": 12.694478364225308
}