{
    "einstein_radius": 0.21547585527209276,
    "F150W_lens_magnitude_ab": 22.141869616238324,
    "F150W_lensed_source_magnitude_ab": 23.408691671079424,
    "F150W_source_magnitude_ab": 23.962170830685587,
    "F150W_magnification": 1.8460051771114598,
    "F150W_max_lensed_source_signal_to_noise_ratio": 7.3135869269814995,
    "F277W_lens_magnitude_ab": 20.117918525862912,
    "F277W_lensed_source_magnitude_ab": 23.456237979893054,
    "F277W_source_magnitude_ab": 23.590473561704513,
    "F277W_magnification": 1.9329916838734647,
    "F277W_max_lensed_source_signal_to_noise_ratio": 9.524564217984581,
    "F444W_lens_magnitude_ab": 20.010287254708345,
    "F444W_lensed_source_magnitude_ab": 23.44778720302984,
    "F444W_source_magnitude_ab": 23.748867415485414,
    "F444W_magnification": 2.06486554946286,
    "F444W_max_lensed_source_signal_to_noise_ratio": 8.863990456113465,
    "F115W_lens_magnitude_ab": 22.47347209632246,
    "F115W_lensed_source_magnitude_ab": 23.560603096208027,
    "F115W_source_magnitude_ab": 24.781677074966098,
    "F115W_magnification": 1.8592416094856352,
    "F115W_max_lensed_source_signal_to_noise_ratio": 5.374056689447654
}