{
    "einstein_radius": 0.6158100374564544,
    "F277W_lens_magnitude_ab": 18.61955652195497,
    "F277W_lensed_source_magnitude_ab": 22.2632116093797,
    "F277W_source_magnitude_ab": 22.999516421832695,
    "F277W_magnification": 3.6509404693769807,
    "F277W_max_lensed_source_signal_to_noise_ratio": 7.5292058210370225,
    "F444W_lens_magnitude_ab": 18.399631317598264,
    "F444W_lensed_source_magnitude_ab": 22.13592650893084,
    "F444W_source_magnitude_ab": 22.375533340882424,
    "F444W_magnification": 3.588201818306858,
    "F444W_max_lensed_source_signal_to_noise_ratio": 7.452679368292752,
    "F150W_lens_magnitude_ab": 21.132474534775042,
    "F150W_lensed_source_magnitude_ab": 22.667702825712905,
    "F150W_source_magnitude_ab": 24.25818852937458,
    "F150W_magnification": 4.120057883582015,
    "F150W_max_lensed_source_signal_to_noise_ratio": 3.9805724015224384,
    "F115W_lens_magnitude_ab": 21.56171096186382,
    "F115W_lensed_source_magnitude_ab": 23.376605287219853,
    "F115W_source_magnitude_ab": 25.480556839772735,
    "F115W_magnification": 3.86662276248876,
    "F115W_max_lensed_source_signal_to_noise_ratio": 1.5761083417380917
}