{
    "einstein_radius": 0.27447926458126953,
    "F444W_lens_magnitude_ab": 20.326150683679934,
    "F444W_lensed_source_magnitude_ab": 22.639229571021293,
    "F444W_source_magnitude_ab": 22.449325221452565,
    "F444W_magnification": 3.14350781797019,
    "F444W_max_lensed_source_signal_to_noise_ratio": 18.15832367516742,
    "F277W_lens_magnitude_ab": 20.93189084280845,
    "F277W_lensed_source_magnitude_ab": 22.743667618020638,
    "F277W_source_magnitude_ab": 22.028527614366624,
    "F277W_magnification": 3.182297752320569,
    "F277W_max_lensed_source_signal_to_noise_ratio": 20.457905835958442,
    "F150W_lens_magnitude_ab": 22.8809089652155,
    "F150W_lensed_source_magnitude_ab": 22.802909898737205,
    "F150W_source_magnitude_ab": 22.76546412581173,
    "F150W_magnification": 3.1199480429379793,
    "F150W_max_lensed_source_signal_to_noise_ratio": 14.228825241153492,
    "F115W_lens_magnitude_ab": 22.915015194180448,
    "F115W_lensed_source_magnitude_ab": 23.064466760343887,
    "F115W_source_magnitude_ab": 22.894561107825584,
    "F115W_magnification": 3.1350646739493184,
    "F115W_max_lensed_source_signal_to_noise_ratio": 10.567612236054412
}