{
    "einstein_radius": 1.1862932462143054,
    "F115W_lens_magnitude_ab": 20.394831840625713,
    "F115W_lensed_source_magnitude_ab": 23.146757599226216,
    "F115W_source_magnitude_ab": 24.145107659170876,
    "F115W_magnification": 2.1331766682306745,
    "F115W_max_lensed_source_signal_to_noise_ratio": 6.735764645378762,
    "F277W_lens_magnitude_ab": 18.081525912940258,
    "F277W_lensed_source_magnitude_ab": 22.755382287727375,
    "F277W_source_magnitude_ab": 23.53745282274668,
    "F277W_magnification": 2.044421594799655,
    "F277W_max_lensed_source_signal_to_noise_ratio": 8.284822629228637,
    "F444W_lens_magnitude_ab": 18.583902270257177,
    "F444W_lensed_source_magnitude_ab": 23.40290179812913,
    "F444W_source_magnitude_ab": 23.81669367395854,
    "F444W_magnification": 2.6023936947566724,
    "F444W_max_lensed_source_signal_to_noise_ratio": 8.15024253985404,
    "F150W_lens_magnitude_ab": 20.072498564857014,
    "F150W_lensed_source_magnitude_ab": 23.109893194083718,
    "F150W_source_magnitude_ab": 23.911987861104713,
    "F150W_magnification": 2.1922947763325755,
    "F150W_max_lensed_source_signal_to_noise_ratio": 6.264268627144574
}