{
    "einstein_radius": 0.8140057438317564,
    "F444W_lens_magnitude_ab": 18.54842585945303,
    "F444W_lensed_source_magnitude_ab": 22.103644029218934,
    "F444W_source_magnitude_ab": 23.005808779766998,
    "F444W_magnification": 5.2516189613156765,
    "F444W_max_lensed_source_signal_to_noise_ratio": 9.346323446179783,
    "F277W_lens_magnitude_ab": 18.050296903044476,
    "F277W_lensed_source_magnitude_ab": 22.091244770931155,
    "F277W_source_magnitude_ab": 22.64068173056862,
    "F277W_magnification": 5.050711414334966,
    "F277W_max_lensed_source_signal_to_noise_ratio": 9.325033498505611,
    "F150W_lens_magnitude_ab": 19.549998357671768,
    "F150W_lensed_source_magnitude_ab": 21.919553855669335,
    "F150W_source_magnitude_ab": 24.08607464755835,
    "F150W_magnification": 4.50723614482593,
    "F150W_max_lensed_source_signal_to_noise_ratio": 4.8954965308341105,
    "F115W_lens_magnitude_ab": 19.814649570881016,
    "F115W_lensed_source_magnitude_ab": 22.07944643653928,
    "F115W_source_magnitude_ab": 24.553481934917365,
    "F115W_magnification": 4.531423225016251,
    "F115W_max_lensed_source_signal_to_noise_ratio": 3.0018382383499644
}