{
    "einstein_radius": 0.47868180229628593,
    "F277W_lens_magnitude_ab": 19.864399632245096,
    "F277W_lensed_source_magnitude_ab": 23.655250705401464,
    "F277W_source_magnitude_ab": 23.975615141693517,
    "F277W_magnification": 2.971461745059861,
    "F277W_max_lensed_source_signal_to_noise_ratio": 6.993437563564196,
    "F444W_lens_magnitude_ab": 19.216696944985436,
    "F444W_lensed_source_magnitude_ab": 23.09777354374019,
    "F444W_source_magnitude_ab": 23.246976650717343,
    "F444W_magnification": 2.6555866861104893,
    "F444W_max_lensed_source_signal_to_noise_ratio": 9.090820643208101,
    "F150W_lens_magnitude_ab": 23.39211107933018,
    "F150W_lensed_source_magnitude_ab": 24.691985623635585,
    "F150W_source_magnitude_ab": 25.607046697860742,
    "F150W_magnification": 3.134737446078281,
    "F150W_max_lensed_source_signal_to_noise_ratio": 6.415599396347957,
    "F115W_lens_magnitude_ab": 24.77772195956328,
    "F115W_lensed_source_magnitude_ab": Infinity,
    "F115W_source_magnitude_ab": Infinity,
    "F115W_magnification": NaN,
    "F115W_max_lensed_source_signal_to_noise_ratio": 0.0
}