{
    "einstein_radius": 0.4017710685506024,
    "F277W_lens_magnitude_ab": 16.73387566499556,
    "F277W_lensed_source_magnitude_ab": 19.638489285820018,
    "F277W_source_magnitude_ab": 18.758085690932454,
    "F277W_magnification": 3.067269589022665,
    "F277W_max_lensed_source_signal_to_noise_ratio": 68.71654492049255,
    "F444W_lens_magnitude_ab": 17.143126166864885,
    "F444W_lensed_source_magnitude_ab": 20.017776305874506,
    "F444W_source_magnitude_ab": 18.938190679701112,
    "F444W_magnification": 3.1756771557520063,
    "F444W_max_lensed_source_signal_to_noise_ratio": 47.90311579214644,
    "F150W_lens_magnitude_ab": 18.630807363384676,
    "F150W_lensed_source_magnitude_ab": 20.053212776526802,
    "F150W_source_magnitude_ab": 21.21755142440924,
    "F150W_magnification": 2.7251749993752723,
    "F150W_max_lensed_source_signal_to_noise_ratio": 21.939273987324835
}