{
    "einstein_radius": 0.8083505564395093,
    "F277W_lens_magnitude_ab": 15.987212957587516,
    "F277W_lensed_source_magnitude_ab": 19.087916389715698,
    "F277W_source_magnitude_ab": 19.108553220893576,
    "F277W_magnification": 3.386557003027923,
    "F277W_max_lensed_source_signal_to_noise_ratio": 71.86437190163817,
    "F444W_lens_magnitude_ab": 16.69760441943714,
    "F444W_lensed_source_magnitude_ab": 19.41777133648526,
    "F444W_source_magnitude_ab": 18.737945947115357,
    "F444W_magnification": 3.843086663379319,
    "F444W_max_lensed_source_signal_to_noise_ratio": 77.99593707402138,
    "F150W_lens_magnitude_ab": 17.87001932760755,
    "F150W_lensed_source_magnitude_ab": 19.40577931986858,
    "F150W_source_magnitude_ab": 21.202719984928283,
    "F150W_magnification": 3.7969828468946103,
    "F150W_max_lensed_source_signal_to_noise_ratio": 26.790252418304767,
    "F115W_lens_magnitude_ab": 18.324671048401793,
    "F115W_lensed_source_magnitude_ab": 19.73733767822518,
    "F115W_source_magnitude_ab": 21.78948414069754,
    "F115W_magnification": 3.3757539357522153,
    "F115W_max_lensed_source_signal_to_noise_ratio": 13.065276038169818
}