{
    "einstein_radius": 0.27806567707182345,
    "F277W_lens_magnitude_ab": 18.057159712814432,
    "F277W_lensed_source_magnitude_ab": 23.151016887262642,
    "F277W_source_magnitude_ab": 22.82788338340504,
    "F277W_magnification": 2.4693538739187924,
    "F277W_max_lensed_source_signal_to_noise_ratio": 16.19611050308116,
    "F444W_lens_magnitude_ab": 18.920043473890743,
    "F444W_lensed_source_magnitude_ab": 23.2585143605357,
    "F444W_source_magnitude_ab": 23.120388208864235,
    "F444W_magnification": 2.6487665974501002,
    "F444W_max_lensed_source_signal_to_noise_ratio": 8.92076580789481,
    "F150W_lens_magnitude_ab": 20.34128823488721,
    "F150W_lensed_source_magnitude_ab": 23.344053902488916,
    "F150W_source_magnitude_ab": 24.420335459754728,
    "F150W_magnification": 1.6992229778841894,
    "F150W_max_lensed_source_signal_to_noise_ratio": 3.6873660523702134,
    "F115W_lens_magnitude_ab": 20.830978622680632,
    "F115W_lensed_source_magnitude_ab": 23.309901983541476,
    "F115W_source_magnitude_ab": 25.109485771217543,
    "F115W_magnification": 1.3116591644134095,
    "F115W_max_lensed_source_signal_to_noise_ratio": 3.0438767800058986
}