{
    "einstein_radius": 0.4546446359290181,
    "F277W_lens_magnitude_ab": 21.148903424801706,
    "F277W_lensed_source_magnitude_ab": 23.7829824359475,
    "F277W_source_magnitude_ab": 23.571468464346687,
    "F277W_magnification": 3.354280181112855,
    "F277W_max_lensed_source_signal_to_noise_ratio": 13.622951272218668,
    "F444W_lens_magnitude_ab": 21.2088723577548,
    "F444W_lensed_source_magnitude_ab": 24.190771245970296,
    "F444W_source_magnitude_ab": 23.684502413779235,
    "F444W_magnification": 3.8170563134226345,
    "F444W_max_lensed_source_signal_to_noise_ratio": 9.406790474521758,
    "F150W_lens_magnitude_ab": 23.386394817036816,
    "F150W_lensed_source_magnitude_ab": 23.449300230046887,
    "F150W_source_magnitude_ab": 24.029117328463414,
    "F150W_magnification": 3.0343268303926236,
    "F150W_max_lensed_source_signal_to_noise_ratio": 8.02961002663728,
    "F115W_lens_magnitude_ab": 23.502114885184334,
    "F115W_lensed_source_magnitude_ab": 23.816924783368666,
    "F115W_source_magnitude_ab": 24.09120464131503,
    "F115W_magnification": 3.6387997914549954,
    "F115W_max_lensed_source_signal_to_noise_ratio": 7.234282764995508
}