{
    "einstein_radius": 0.25875919294611716,
    "F444W_lens_magnitude_ab": 18.68778187738095,
    "F444W_lensed_source_magnitude_ab": 23.86333904614002,
    "F444W_source_magnitude_ab": 24.498578162286606,
    "F444W_magnification": 1.7019291448426779,
    "F444W_max_lensed_source_signal_to_noise_ratio": 6.7971293918785385,
    "F277W_lens_magnitude_ab": 18.719491195490765,
    "F277W_lensed_source_magnitude_ab": 23.9421980729932,
    "F277W_source_magnitude_ab": 24.49241994700906,
    "F277W_magnification": 2.1709955775010963,
    "F277W_max_lensed_source_signal_to_noise_ratio": 7.840054581707505,
    "F150W_lens_magnitude_ab": 21.047627239177416,
    "F150W_lensed_source_magnitude_ab": 23.96661368979424,
    "F150W_source_magnitude_ab": 24.43590838928528,
    "F150W_magnification": 1.715321192620243,
    "F150W_max_lensed_source_signal_to_noise_ratio": 4.487112958223115,
    "F115W_lens_magnitude_ab": 21.18929064938486,
    "F115W_lensed_source_magnitude_ab": 41.06982434128244,
    "F115W_source_magnitude_ab": 42.194693897385214,
    "F115W_magnification": 1.975250451405618,
    "F115W_max_lensed_source_signal_to_noise_ratio": 9.900407009455129e-08
}