{
    "einstein_radius": 0.2131488607925947,
    "F277W_lens_magnitude_ab": 20.721847206691816,
    "F277W_lensed_source_magnitude_ab": 23.929343686621916,
    "F277W_source_magnitude_ab": 23.70316010012411,
    "F277W_magnification": 2.365859972119654,
    "F277W_max_lensed_source_signal_to_noise_ratio": 18.728919606873838,
    "F444W_lens_magnitude_ab": 21.308915758137452,
    "F444W_lensed_source_magnitude_ab": 24.428499824682717,
    "F444W_source_magnitude_ab": 24.563234706648505,
    "F444W_magnification": 2.0287770507991656,
    "F444W_max_lensed_source_signal_to_noise_ratio": 13.046089159425359,
    "F150W_lens_magnitude_ab": 22.860808708400768,
    "F150W_lensed_source_magnitude_ab": 23.837282497377565,
    "F150W_source_magnitude_ab": 23.772787556844733,
    "F150W_magnification": 2.012518103634278,
    "F150W_max_lensed_source_signal_to_noise_ratio": 16.22618151309318,
    "F115W_lens_magnitude_ab": 22.78352169974051,
    "F115W_lensed_source_magnitude_ab": 23.548306910076224,
    "F115W_source_magnitude_ab": 23.560769901150834,
    "F115W_magnification": 1.8638071417254012,
    "F115W_max_lensed_source_signal_to_noise_ratio": 13.760228666434775
}