{
    "einstein_radius": 0.8829740945198467,
    "F277W_lens_magnitude_ab": 15.790994973350521,
    "F277W_lensed_source_magnitude_ab": 20.2185045134857,
    "F277W_source_magnitude_ab": 20.69551626820744,
    "F277W_magnification": 2.6383532263124354,
    "F277W_max_lensed_source_signal_to_noise_ratio": 52.01586638782612,
    "F444W_lens_magnitude_ab": 16.479402514195385,
    "F444W_lensed_source_magnitude_ab": 20.747407829729628,
    "F444W_source_magnitude_ab": 20.493297177372007,
    "F444W_magnification": 2.960709822789071,
    "F444W_max_lensed_source_signal_to_noise_ratio": 56.05643007598654,
    "F150W_lens_magnitude_ab": 17.823855277910912,
    "F150W_lensed_source_magnitude_ab": 20.706559145928864,
    "F150W_source_magnitude_ab": 22.877293266893616,
    "F150W_magnification": 2.4238739458719984,
    "F150W_max_lensed_source_signal_to_noise_ratio": 34.62502209200424,
    "F115W_lens_magnitude_ab": 18.165054643633304,
    "F115W_lensed_source_magnitude_ab": 21.055899423370157,
    "F115W_source_magnitude_ab": 23.240842835274833,
    "F115W_magnification": 2.434526747202236,
    "F115W_max_lensed_source_signal_to_noise_ratio": 25.87215495878745
}