{
    "einstein_radius": 1.2498203712053901,
    "F277W_lens_magnitude_ab": 17.030084763216784,
    "F277W_lensed_source_magnitude_ab": 21.54956873363776,
    "F277W_source_magnitude_ab": 22.24510895444522,
    "F277W_magnification": 1.9313697323843777,
    "F277W_max_lensed_source_signal_to_noise_ratio": 17.327691587038814,
    "F444W_lens_magnitude_ab": 17.491753137759343,
    "F444W_lensed_source_magnitude_ab": 22.233871550935167,
    "F444W_source_magnitude_ab": 21.93060541635416,
    "F444W_magnification": 2.249745556248424,
    "F444W_max_lensed_source_signal_to_noise_ratio": 17.899424667033365,
    "F150W_lens_magnitude_ab": 19.091239831878838,
    "F150W_lensed_source_magnitude_ab": 21.68971903402837,
    "F150W_source_magnitude_ab": 24.054179992395476,
    "F150W_magnification": 1.8648053973927925,
    "F150W_max_lensed_source_signal_to_noise_ratio": 6.110261573590934,
    "F115W_lens_magnitude_ab": 19.70576648927875,
    "F115W_lensed_source_magnitude_ab": 21.865329709534585,
    "F115W_source_magnitude_ab": 22.889249667980227,
    "F115W_magnification": 1.0196524581480733,
    "F115W_max_lensed_source_signal_to_noise_ratio": 13.713142349112612
}