{
    "einstein_radius": 0.8601918500982466,
    "F444W_lens_magnitude_ab": 16.727561845373224,
    "F444W_lensed_source_magnitude_ab": 21.83975106029041,
    "F444W_source_magnitude_ab": 22.246669876919725,
    "F444W_magnification": 5.253318967982106,
    "F444W_max_lensed_source_signal_to_noise_ratio": 17.79094844510174,
    "F277W_lens_magnitude_ab": 15.885438186291942,
    "F277W_lensed_source_magnitude_ab": 21.74070789765692,
    "F277W_source_magnitude_ab": 22.973769822765433,
    "F277W_magnification": 4.486904064121726,
    "F277W_max_lensed_source_signal_to_noise_ratio": 7.9289075172686845,
    "F150W_lens_magnitude_ab": 17.680151482524884,
    "F150W_lensed_source_magnitude_ab": 21.783505207097285,
    "F150W_source_magnitude_ab": 24.60976210059779,
    "F150W_magnification": 3.3924122837364523,
    "F150W_max_lensed_source_signal_to_noise_ratio": 3.000359247765206,
    "F115W_lens_magnitude_ab": 18.050724381869905,
    "F115W_lensed_source_magnitude_ab": 22.0586113289951,
    "F115W_source_magnitude_ab": 25.321823278297433,
    "F115W_magnification": 3.1109295508837382,
    "F115W_max_lensed_source_signal_to_noise_ratio": 1.967877222889343
}