{
    "einstein_radius": 0.45363777254616194,
    "F150W_lens_magnitude_ab": 21.365318550595,
    "F150W_lensed_source_magnitude_ab": 23.309104755817717,
    "F150W_source_magnitude_ab": 23.697869595920217,
    "F150W_magnification": 6.032684432251567,
    "F150W_max_lensed_source_signal_to_noise_ratio": 4.24710515697146,
    "F277W_lens_magnitude_ab": 19.37288262085458,
    "F277W_lensed_source_magnitude_ab": 23.199850054628122,
    "F277W_source_magnitude_ab": 22.94840896468756,
    "F277W_magnification": 6.512979005402061,
    "F277W_max_lensed_source_signal_to_noise_ratio": 7.501008251747793,
    "F444W_lens_magnitude_ab": 19.75788188760194,
    "F444W_lensed_source_magnitude_ab": 23.503172166282482,
    "F444W_source_magnitude_ab": 23.859019386611987,
    "F444W_magnification": 6.208378512324693,
    "F444W_max_lensed_source_signal_to_noise_ratio": 4.467553922893705,
    "F115W_lens_magnitude_ab": 21.54969715137519,
    "F115W_lensed_source_magnitude_ab": 22.82651856987586,
    "F115W_source_magnitude_ab": 23.47447489234756,
    "F115W_magnification": 3.94262369844006,
    "F115W_max_lensed_source_signal_to_noise_ratio": 4.146615752640889
}