{
    "einstein_radius": 0.5208854319722669,
    "F444W_lens_magnitude_ab": 19.510768810184363,
    "F444W_lensed_source_magnitude_ab": 24.125844998012532,
    "F444W_source_magnitude_ab": 23.767453197336224,
    "F444W_magnification": 2.302860009932514,
    "F444W_max_lensed_source_signal_to_noise_ratio": 6.3082648525050855,
    "F277W_lens_magnitude_ab": 19.368473694633746,
    "F277W_lensed_source_magnitude_ab": 25.020894165634793,
    "F277W_source_magnitude_ab": 24.502561942779348,
    "F277W_magnification": 2.4316277017241097,
    "F277W_max_lensed_source_signal_to_noise_ratio": 6.346080704053035,
    "F150W_lens_magnitude_ab": 21.590517302224605,
    "F150W_lensed_source_magnitude_ab": 24.085220038133063,
    "F150W_source_magnitude_ab": 25.069486974446104,
    "F150W_magnification": 1.5403778147562284,
    "F150W_max_lensed_source_signal_to_noise_ratio": 4.836720949927892,
    "F115W_lens_magnitude_ab": 21.908973479052374,
    "F115W_lensed_source_magnitude_ab": 24.121722608911465,
    "F115W_source_magnitude_ab": 25.22317979293866,
    "F115W_magnification": 1.3501309484437385,
    "F115W_max_lensed_source_signal_to_noise_ratio": 3.7523205633535497
}