{
    "einstein_radius": 0.7601506224235676,
    "F277W_lens_magnitude_ab": 16.219458875812563,
    "F277W_lensed_source_magnitude_ab": 19.860889992645234,
    "F277W_source_magnitude_ab": 19.409149088157886,
    "F277W_magnification": 3.2669375934367078,
    "F277W_max_lensed_source_signal_to_noise_ratio": 38.9538876957597,
    "F444W_lens_magnitude_ab": 16.70851129496496,
    "F444W_lensed_source_magnitude_ab": 20.313530071102438,
    "F444W_source_magnitude_ab": 18.823283756326948,
    "F444W_magnification": 3.7347208379490926,
    "F444W_max_lensed_source_signal_to_noise_ratio": 47.28021164382998,
    "F150W_lens_magnitude_ab": 18.07811988233454,
    "F150W_lensed_source_magnitude_ab": 20.052808457627567,
    "F150W_source_magnitude_ab": 21.665475613183222,
    "F150W_magnification": 3.3112984746747607,
    "F150W_max_lensed_source_signal_to_noise_ratio": 23.824048100562297,
    "F115W_lens_magnitude_ab": 18.46548778760933,
    "F115W_lensed_source_magnitude_ab": 20.374304456177903,
    "F115W_source_magnitude_ab": 21.97141749213275,
    "F115W_magnification": 3.5163609236857147,
    "F115W_max_lensed_source_signal_to_noise_ratio": 18.93543672678942
}