{
    "einstein_radius": 0.23302987185018714,
    "F150W_lens_magnitude_ab": 21.411556516135498,
    "F150W_lensed_source_magnitude_ab": 22.996974826960592,
    "F150W_source_magnitude_ab": 23.26774552305892,
    "F150W_magnification": 1.8488286417735977,
    "F150W_max_lensed_source_signal_to_noise_ratio": 8.412295548929144,
    "F277W_lens_magnitude_ab": 18.25960256122646,
    "F277W_lensed_source_magnitude_ab": 22.87244881073949,
    "F277W_source_magnitude_ab": 22.14303670985312,
    "F277W_magnification": 2.4894693162207715,
    "F277W_max_lensed_source_signal_to_noise_ratio": 17.63669406564354,
    "F444W_lens_magnitude_ab": 17.82155629891438,
    "F444W_lensed_source_magnitude_ab": 22.873898270591585,
    "F444W_source_magnitude_ab": 23.276110800672903,
    "F444W_magnification": 2.4215806877821393,
    "F444W_max_lensed_source_signal_to_noise_ratio": 16.99560879245815,
    "F115W_lens_magnitude_ab": 22.07985576348631,
    "F115W_lensed_source_magnitude_ab": 23.548643854548327,
    "F115W_source_magnitude_ab": 24.27138058058277,
    "F115W_magnification": 1.7096807315638598,
    "F115W_max_lensed_source_signal_to_noise_ratio": 6.6685163905794065
}