{
    "einstein_radius": 0.46301160603195746,
    "F115W_lens_magnitude_ab": 21.328267429886353,
    "F115W_lensed_source_magnitude_ab": 22.439517951510553,
    "F115W_source_magnitude_ab": 23.245617237754153,
    "F115W_magnification": 3.862073559474805,
    "F115W_max_lensed_source_signal_to_noise_ratio": 4.534777948833175,
    "F277W_lens_magnitude_ab": 18.066805531392745,
    "F277W_lensed_source_magnitude_ab": 21.644948752550338,
    "F277W_source_magnitude_ab": 21.34020139971009,
    "F277W_magnification": 5.887773431353259,
    "F277W_max_lensed_source_signal_to_noise_ratio": 21.58908421819986,
    "F444W_lens_magnitude_ab": 18.081639820853532,
    "F444W_lensed_source_magnitude_ab": 21.648363050718718,
    "F444W_source_magnitude_ab": 21.430123600707866,
    "F444W_magnification": 7.094345851836912,
    "F444W_max_lensed_source_signal_to_noise_ratio": 21.34173386135932,
    "F150W_lens_magnitude_ab": 20.790219259741896,
    "F150W_lensed_source_magnitude_ab": 22.031226972093997,
    "F150W_source_magnitude_ab": 22.88141563665115,
    "F150W_magnification": 4.413983902204259,
    "F150W_max_lensed_source_signal_to_noise_ratio": 6.819106763783744
}