{
    "einstein_radius": 0.9364686223351557,
    "F277W_lens_magnitude_ab": 15.322030755510037,
    "F277W_lensed_source_magnitude_ab": 21.285894490025342,
    "F277W_source_magnitude_ab": 22.15640341462319,
    "F277W_magnification": 2.075074450326824,
    "F277W_max_lensed_source_signal_to_noise_ratio": 10.022347864652101,
    "F444W_lens_magnitude_ab": 16.005397279694627,
    "F444W_lensed_source_magnitude_ab": 22.222439932086402,
    "F444W_source_magnitude_ab": 22.744154284472593,
    "F444W_magnification": 1.7385932131093071,
    "F444W_max_lensed_source_signal_to_noise_ratio": 5.841180596011558,
    "F150W_lens_magnitude_ab": 16.732783966902595,
    "F150W_lensed_source_magnitude_ab": 20.781895468625574,
    "F150W_source_magnitude_ab": 23.89064871552575,
    "F150W_magnification": 1.8463487466871997,
    "F150W_max_lensed_source_signal_to_noise_ratio": 8.467407169467563,
    "F115W_lens_magnitude_ab": 17.02946531872182,
    "F115W_lensed_source_magnitude_ab": 21.07086058639377,
    "F115W_source_magnitude_ab": 24.57353315447269,
    "F115W_magnification": 1.7626783977179472,
    "F115W_max_lensed_source_signal_to_noise_ratio": 3.744709504444027
}