{
    "einstein_radius": 0.2331807116979397,
    "F277W_lens_magnitude_ab": 18.511707290720235,
    "F277W_lensed_source_magnitude_ab": 22.596705135975974,
    "F277W_source_magnitude_ab": 22.516417317995845,
    "F277W_magnification": 1.804314106637215,
    "F277W_max_lensed_source_signal_to_noise_ratio": 9.589003300886748,
    "F444W_lens_magnitude_ab": 18.923623977168486,
    "F444W_lensed_source_magnitude_ab": 23.274103923951465,
    "F444W_source_magnitude_ab": 23.443918171599254,
    "F444W_magnification": 1.815652422414372,
    "F444W_max_lensed_source_signal_to_noise_ratio": 5.595702765382068,
    "F150W_lens_magnitude_ab": 20.64555895130389,
    "F150W_lensed_source_magnitude_ab": 22.525360586699318,
    "F150W_source_magnitude_ab": 23.109108467326095,
    "F150W_magnification": 1.8591571112358836,
    "F150W_max_lensed_source_signal_to_noise_ratio": 5.390740885987969,
    "F115W_lens_magnitude_ab": 21.04093625909475,
    "F115W_lensed_source_magnitude_ab": 22.929151285123986,
    "F115W_source_magnitude_ab": 24.399500165270553,
    "F115W_magnification": 2.1653029886934974,
    "F115W_max_lensed_source_signal_to_noise_ratio": 4.282287312646078
}