{
    "einstein_radius": 0.6967953336500885,
    "F444W_lens_magnitude_ab": 16.678229554980906,
    "F444W_lensed_source_magnitude_ab": 21.714832356082656,
    "F444W_source_magnitude_ab": 22.08110796271457,
    "F444W_magnification": 2.81398529209996,
    "F444W_max_lensed_source_signal_to_noise_ratio": 31.00205197911431,
    "F277W_lens_magnitude_ab": 15.969159963573286,
    "F277W_lensed_source_magnitude_ab": 21.639253358118207,
    "F277W_source_magnitude_ab": 22.31540358015242,
    "F277W_magnification": 2.440732493932896,
    "F277W_max_lensed_source_signal_to_noise_ratio": 22.91780746514226,
    "F150W_lens_magnitude_ab": 17.86230975639284,
    "F150W_lensed_source_magnitude_ab": 21.716855565468382,
    "F150W_source_magnitude_ab": 23.974412001651537,
    "F150W_magnification": 2.7163229939035713,
    "F150W_max_lensed_source_signal_to_noise_ratio": 5.5220071968041236,
    "F115W_lens_magnitude_ab": 18.384091917147025,
    "F115W_lensed_source_magnitude_ab": 22.04530285180357,
    "F115W_source_magnitude_ab": 24.51015749029059,
    "F115W_magnification": 2.2594042090781783,
    "F115W_max_lensed_source_signal_to_noise_ratio": 3.547612753868015
}