{
    "einstein_radius": 0.49165017056777105,
    "F444W_lens_magnitude_ab": 17.433987338676687,
    "F444W_lensed_source_magnitude_ab": 21.804020231306723,
    "F444W_source_magnitude_ab": 21.784459685002034,
    "F444W_magnification": 2.284676652970169,
    "F444W_max_lensed_source_signal_to_noise_ratio": 13.956877642573449,
    "F277W_lens_magnitude_ab": 17.619974246957554,
    "F277W_lensed_source_magnitude_ab": 21.919619629510755,
    "F277W_source_magnitude_ab": 22.180577833063033,
    "F277W_magnification": 2.468670239793083,
    "F277W_max_lensed_source_signal_to_noise_ratio": 17.007467801589364,
    "F150W_lens_magnitude_ab": 19.96261607329817,
    "F150W_lensed_source_magnitude_ab": 22.07047198798301,
    "F150W_source_magnitude_ab": 23.658798413314496,
    "F150W_magnification": 2.2350304173998876,
    "F150W_max_lensed_source_signal_to_noise_ratio": 8.517389245872502,
    "F115W_lens_magnitude_ab": 20.584995176682877,
    "F115W_lensed_source_magnitude_ab": 22.33097769081178,
    "F115W_source_magnitude_ab": 23.893974892993747,
    "F115W_magnification": 2.365410090919314,
    "F115W_max_lensed_source_signal_to_noise_ratio": 5.85934389954435
}