{
    "einstein_radius": 0.495347355172587,
    "F444W_lens_magnitude_ab": 18.425217198254458,
    "F444W_lensed_source_magnitude_ab": 24.288465352639243,
    "F444W_source_magnitude_ab": 24.39929036578743,
    "F444W_magnification": 2.5063928206124615,
    "F444W_max_lensed_source_signal_to_noise_ratio": 4.559112782662807,
    "F277W_lens_magnitude_ab": 18.510728351724275,
    "F277W_lensed_source_magnitude_ab": 24.045782463473795,
    "F277W_source_magnitude_ab": 24.67069092150426,
    "F277W_magnification": 2.1687595663823713,
    "F277W_max_lensed_source_signal_to_noise_ratio": 5.122199216273838,
    "F150W_lens_magnitude_ab": 21.303195888642026,
    "F150W_lensed_source_magnitude_ab": 23.304786170485325,
    "F150W_source_magnitude_ab": 24.672169181781126,
    "F150W_magnification": 2.191030285258612,
    "F150W_max_lensed_source_signal_to_noise_ratio": 2.718145886658194,
    "F115W_lens_magnitude_ab": 22.11065391722891,
    "F115W_lensed_source_magnitude_ab": 23.613696747293112,
    "F115W_source_magnitude_ab": 25.448324453778742,
    "F115W_magnification": 2.3129417714213947,
    "F115W_max_lensed_source_signal_to_noise_ratio": 3.0642312717578135
}