{
    "einstein_radius": 0.145756305028734,
    "F150W_lens_magnitude_ab": 22.834328441728736,
    "F150W_lensed_source_magnitude_ab": 23.58141086097283,
    "F150W_source_magnitude_ab": 23.567474848684704,
    "F150W_magnification": 1.620630349406579,
    "F150W_max_lensed_source_signal_to_noise_ratio": 9.656364100434814,
    "F277W_lens_magnitude_ab": 21.06718930720404,
    "F277W_lensed_source_magnitude_ab": 23.50927431673387,
    "F277W_source_magnitude_ab": 23.398285150942986,
    "F277W_magnification": 1.750621286604675,
    "F277W_max_lensed_source_signal_to_noise_ratio": 18.34779801661112,
    "F444W_lens_magnitude_ab": 21.33781896093484,
    "F444W_lensed_source_magnitude_ab": 24.04046956335119,
    "F444W_source_magnitude_ab": 23.766606121842507,
    "F444W_magnification": 1.6943056705012116,
    "F444W_max_lensed_source_signal_to_noise_ratio": 9.78239973077116,
    "F115W_lens_magnitude_ab": 22.473685708860344,
    "F115W_lensed_source_magnitude_ab": 23.302751837506843,
    "F115W_source_magnitude_ab": 23.594979026500983,
    "F115W_magnification": 1.5049721784433483,
    "F115W_max_lensed_source_signal_to_noise_ratio": 8.341098801614043
}