{
    "einstein_radius": 1.2484976848859988,
    "F277W_lens_magnitude_ab": 19.155841331478726,
    "F277W_lensed_source_magnitude_ab": 22.666761894906166,
    "F277W_source_magnitude_ab": 21.914794324237654,
    "F277W_magnification": 2.792755319325682,
    "F277W_max_lensed_source_signal_to_noise_ratio": 27.16340903941503,
    "F444W_lens_magnitude_ab": 18.73643497561222,
    "F444W_lensed_source_magnitude_ab": 22.69797217053885,
    "F444W_source_magnitude_ab": 22.836835723664414,
    "F444W_magnification": 2.937303741782914,
    "F444W_max_lensed_source_signal_to_noise_ratio": 23.743591395247805,
    "F150W_lens_magnitude_ab": 21.71089414502082,
    "F150W_lensed_source_magnitude_ab": 23.216673575459446,
    "F150W_source_magnitude_ab": 23.337475102982125,
    "F150W_magnification": 2.9729854285128345,
    "F150W_max_lensed_source_signal_to_noise_ratio": 10.189506552117217,
    "F115W_lens_magnitude_ab": 22.69673279587498,
    "F115W_lensed_source_magnitude_ab": 24.178164616293614,
    "F115W_source_magnitude_ab": 24.246351363587653,
    "F115W_magnification": 2.7390851521852335,
    "F115W_max_lensed_source_signal_to_noise_ratio": 6.288466385652045
}