{
    "einstein_radius": 0,
    "F150W_lens_magnitude_ab": 21.73012986695116,
    "F150W_lensed_source_magnitude_ab": 21.409108945555683,
    "F150W_source_magnitude_ab": 21.160061399354028,
    "F150W_magnification": 2.0779100828109676,
    "F150W_max_lensed_source_signal_to_noise_ratio": 28.063273087235082,
    "F277W_lens_magnitude_ab": 18.477308793843502,
    "F277W_lensed_source_magnitude_ab": 20.680228371585127,
    "F277W_source_magnitude_ab": 19.224717499056876,
    "F277W_magnification": 2.3052478766388695,
    "F277W_max_lensed_source_signal_to_noise_ratio": 95.24805913133108,
    "F444W_lens_magnitude_ab": 18.843513165905737,
    "F444W_lensed_source_magnitude_ab": 20.529654972309693,
    "F444W_source_magnitude_ab": 20.13400862277503,
    "F444W_magnification": 2.329598211137145,
    "F444W_max_lensed_source_signal_to_noise_ratio": 101.31775516246591,
    "F115W_lens_magnitude_ab": 22.203781669673894,
    "F115W_lensed_source_magnitude_ab": 21.86230949994593,
    "F115W_source_magnitude_ab": 22.291194286741955,
    "F115W_magnification": 1.8525796736790663,
    "F115W_max_lensed_source_signal_to_noise_ratio": 15.793941992594833
}