{
    "einstein_radius": 0.8561612186251601,
    "F277W_lens_magnitude_ab": 19.62730941947705,
    "F277W_lensed_source_magnitude_ab": 23.905210897562444,
    "F277W_source_magnitude_ab": 24.57233739686006,
    "F277W_magnification": 2.8508574492947303,
    "F277W_max_lensed_source_signal_to_noise_ratio": 2.7327246048096887,
    "F444W_lens_magnitude_ab": 19.156679374254995,
    "F444W_lensed_source_magnitude_ab": 24.34594533814726,
    "F444W_source_magnitude_ab": 24.584170148330216,
    "F444W_magnification": 2.8491473060320294,
    "F444W_max_lensed_source_signal_to_noise_ratio": 2.34612816980814,
    "F150W_lens_magnitude_ab": 22.734833568250885,
    "F150W_lensed_source_magnitude_ab": 24.17306386519671,
    "F150W_source_magnitude_ab": 26.071839181589773,
    "F150W_magnification": 2.6389059629227813,
    "F150W_max_lensed_source_signal_to_noise_ratio": 2.4015892183065612
}