{
    "einstein_radius": 0.6437508661238633,
    "F277W_lens_magnitude_ab": 16.527258056413466,
    "F277W_lensed_source_magnitude_ab": 20.8564835437155,
    "F277W_source_magnitude_ab": 20.212705994256986,
    "F277W_magnification": 2.5597245836492326,
    "F277W_max_lensed_source_signal_to_noise_ratio": 43.26905088339894,
    "F444W_lens_magnitude_ab": 17.204397469082096,
    "F444W_lensed_source_magnitude_ab": 21.321746898306415,
    "F444W_source_magnitude_ab": 21.246763515870537,
    "F444W_magnification": 2.687772541963349,
    "F444W_max_lensed_source_signal_to_noise_ratio": 31.18192854701206,
    "F150W_lens_magnitude_ab": 18.2538588024291,
    "F150W_lensed_source_magnitude_ab": 20.525445005784977,
    "F150W_source_magnitude_ab": 21.854194254012228,
    "F150W_magnification": 2.4107057674633334,
    "F150W_max_lensed_source_signal_to_noise_ratio": 18.533260946950072
}