{
    "einstein_radius": 0.3288672064669262,
    "F277W_lens_magnitude_ab": 17.38785877563935,
    "F277W_lensed_source_magnitude_ab": 21.906425152153762,
    "F277W_source_magnitude_ab": 21.01610243824477,
    "F277W_magnification": 1.8501039683683511,
    "F277W_max_lensed_source_signal_to_noise_ratio": 20.90596675754611,
    "F444W_lens_magnitude_ab": 17.556506041728486,
    "F444W_lensed_source_magnitude_ab": 22.48106728940021,
    "F444W_source_magnitude_ab": 22.828319670553693,
    "F444W_magnification": 1.4802906477215663,
    "F444W_max_lensed_source_signal_to_noise_ratio": 17.444003227151686,
    "F150W_lens_magnitude_ab": 18.24505335176254,
    "F150W_lensed_source_magnitude_ab": 21.135577223537226,
    "F150W_source_magnitude_ab": 22.375902071998073,
    "F150W_magnification": 1.923612077900527,
    "F150W_max_lensed_source_signal_to_noise_ratio": 18.55371712321271,
    "F115W_lens_magnitude_ab": 18.297285302879473,
    "F115W_lensed_source_magnitude_ab": 21.139235851966163,
    "F115W_source_magnitude_ab": 21.80974074962048,
    "F115W_magnification": 1.7820452920394148,
    "F115W_max_lensed_source_signal_to_noise_ratio": 15.907131105969649
}