{
    "einstein_radius": 0.29379934088089193,
    "F150W_lens_magnitude_ab": 21.763774030476984,
    "F150W_lensed_source_magnitude_ab": 24.41925493073193,
    "F150W_source_magnitude_ab": 24.705449821043917,
    "F150W_magnification": 1.8051100327468144,
    "F150W_max_lensed_source_signal_to_noise_ratio": 7.503228508893331,
    "F277W_lens_magnitude_ab": 19.867036977872964,
    "F277W_lensed_source_magnitude_ab": 24.721821155865953,
    "F277W_source_magnitude_ab": 23.647372486576455,
    "F277W_magnification": 2.014508749545952,
    "F277W_max_lensed_source_signal_to_noise_ratio": 12.951763225309639,
    "F444W_lens_magnitude_ab": 20.032984145355478,
    "F444W_lensed_source_magnitude_ab": 24.945083475875418,
    "F444W_source_magnitude_ab": 24.27568853851336,
    "F444W_magnification": 2.0901052634783075,
    "F444W_max_lensed_source_signal_to_noise_ratio": 8.275137047850466,
    "F115W_lens_magnitude_ab": 21.99273161707995,
    "F115W_lensed_source_magnitude_ab": 25.552697199704493,
    "F115W_source_magnitude_ab": 24.651814701278933,
    "F115W_magnification": 2.000937032332454,
    "F115W_max_lensed_source_signal_to_noise_ratio": 6.429045581629586
}