{
    "einstein_radius": 0,
    "F150W_lens_magnitude_ab": 17.124269383425133,
    "F150W_lensed_source_magnitude_ab": 20.97221582616579,
    "F150W_source_magnitude_ab": 22.60675845655884,
    "F150W_magnification": 1.100039799395589,
    "F150W_max_lensed_source_signal_to_noise_ratio": 4.522774787887522,
    "F277W_lens_magnitude_ab": 15.838233957420606,
    "F277W_lensed_source_magnitude_ab": 21.223420888256143,
    "F277W_source_magnitude_ab": 21.75044903152946,
    "F277W_magnification": 1.14248902011982,
    "F277W_max_lensed_source_signal_to_noise_ratio": 8.723178019054684,
    "F444W_lens_magnitude_ab": 16.50545511171252,
    "F444W_lensed_source_magnitude_ab": 21.076688506256083,
    "F444W_source_magnitude_ab": 21.236510158468498,
    "F444W_magnification": 1.2650233410953704,
    "F444W_max_lensed_source_signal_to_noise_ratio": 18.953479387734035,
    "F115W_lens_magnitude_ab": 17.496380886338578,
    "F115W_lensed_source_magnitude_ab": 21.041991030240652,
    "F115W_source_magnitude_ab": 22.32561214821157,
    "F115W_magnification": 1.0968471589847997,
    "F115W_max_lensed_source_signal_to_noise_ratio": 7.9506605879018135
}