{
    "einstein_radius": 0.8136434533644751,
    "F150W_lens_magnitude_ab": 16.953773392242955,
    "F150W_lensed_source_magnitude_ab": 20.132745983687236,
    "F150W_source_magnitude_ab": 21.207329468995358,
    "F150W_magnification": 2.5840486027842795,
    "F150W_max_lensed_source_signal_to_noise_ratio": 74.5291733846121
}