{
    "einstein_radius": 0.3303465580698865,
    "F277W_lens_magnitude_ab": 20.043367018371654,
    "F277W_lensed_source_magnitude_ab": 22.749374330696234,
    "F277W_source_magnitude_ab": 22.726667101117386,
    "F277W_magnification": 3.328347476901687,
    "F277W_max_lensed_source_signal_to_noise_ratio": 13.998781673808711,
    "F444W_lens_magnitude_ab": 20.60451903460866,
    "F444W_lensed_source_magnitude_ab": 23.49381733582619,
    "F444W_source_magnitude_ab": 23.94262677047019,
    "F444W_magnification": 3.084240631003959,
    "F444W_max_lensed_source_signal_to_noise_ratio": 7.034701285292519,
    "F150W_lens_magnitude_ab": 21.7509431307063,
    "F150W_lensed_source_magnitude_ab": 22.66845060788438,
    "F150W_source_magnitude_ab": 23.784654241627283,
    "F150W_magnification": 3.0519373044928364,
    "F150W_max_lensed_source_signal_to_noise_ratio": 9.590708298551558,
    "F115W_lens_magnitude_ab": 21.94152159624824,
    "F115W_lensed_source_magnitude_ab": 22.794037308217487,
    "F115W_source_magnitude_ab": 23.935001765388872,
    "F115W_magnification": 3.017714970088661,
    "F115W_max_lensed_source_signal_to_noise_ratio": 7.091951987701793
}