{
    "einstein_radius": 0.5292359482894226,
    "F277W_lens_magnitude_ab": 17.775791827911362,
    "F277W_lensed_source_magnitude_ab": 22.4202817488773,
    "F277W_source_magnitude_ab": 22.41128700821673,
    "F277W_magnification": 2.193103329109493,
    "F277W_max_lensed_source_signal_to_noise_ratio": 11.782303995614921,
    "F444W_lens_magnitude_ab": 17.735671373075476,
    "F444W_lensed_source_magnitude_ab": 22.75943289682296,
    "F444W_source_magnitude_ab": 22.617351268879407,
    "F444W_magnification": 2.3731539857514785,
    "F444W_max_lensed_source_signal_to_noise_ratio": 9.132501419164708,
    "F150W_lens_magnitude_ab": 20.576503309750876,
    "F150W_lensed_source_magnitude_ab": 22.860846059543313,
    "F150W_source_magnitude_ab": 24.185819948993746,
    "F150W_magnification": 2.018511348163628,
    "F150W_max_lensed_source_signal_to_noise_ratio": 9.78288848049325,
    "F115W_lens_magnitude_ab": 21.675805950627044,
    "F115W_lensed_source_magnitude_ab": 22.616627273176785,
    "F115W_source_magnitude_ab": 24.156462037577484,
    "F115W_magnification": 2.215935622671802,
    "F115W_max_lensed_source_signal_to_noise_ratio": 8.331803930559875
}