{
    "einstein_radius": 0.6470290869726196,
    "F277W_lens_magnitude_ab": 19.576168905524217,
    "F277W_lensed_source_magnitude_ab": 23.683827045755397,
    "F277W_source_magnitude_ab": 24.430512410561466,
    "F277W_magnification": 5.695918289989592,
    "F277W_max_lensed_source_signal_to_noise_ratio": 5.269074928315429,
    "F444W_lens_magnitude_ab": 19.433526786713223,
    "F444W_lensed_source_magnitude_ab": 23.84104334601973,
    "F444W_source_magnitude_ab": 23.873483351924463,
    "F444W_magnification": 3.9501279438460437,
    "F444W_max_lensed_source_signal_to_noise_ratio": 4.793776761410536,
    "F150W_lens_magnitude_ab": 21.756159718940737,
    "F150W_lensed_source_magnitude_ab": 23.278426332325605,
    "F150W_source_magnitude_ab": 24.98939444411562,
    "F150W_magnification": 2.305260513436559,
    "F150W_max_lensed_source_signal_to_noise_ratio": 4.336261251076957,
    "F115W_lens_magnitude_ab": 22.20396203112212,
    "F115W_lensed_source_magnitude_ab": 23.700781815031313,
    "F115W_source_magnitude_ab": 25.757087546883536,
    "F115W_magnification": 3.9229514450845095,
    "F115W_max_lensed_source_signal_to_noise_ratio": 3.40224753332636
}