{
    "einstein_radius": 0.44295635238534625,
    "F150W_lens_magnitude_ab": 20.673768286273102,
    "F150W_lensed_source_magnitude_ab": 23.591936091758978,
    "F150W_source_magnitude_ab": 24.67064491593132,
    "F150W_magnification": 2.92072685998539,
    "F150W_max_lensed_source_signal_to_noise_ratio": 3.649783776217104,
    "F277W_lens_magnitude_ab": 17.665142075173662,
    "F277W_lensed_source_magnitude_ab": 24.05198001015986,
    "F277W_source_magnitude_ab": 24.2764051913569,
    "F277W_magnification": 2.8050381758863647,
    "F277W_max_lensed_source_signal_to_noise_ratio": 3.1049438458010723,
    "F444W_lens_magnitude_ab": 17.261547073468897,
    "F444W_lensed_source_magnitude_ab": 22.722465259758618,
    "F444W_source_magnitude_ab": 22.475783169658705,
    "F444W_magnification": 3.2967616242767863,
    "F444W_max_lensed_source_signal_to_noise_ratio": 4.059387167049412,
    "F115W_lens_magnitude_ab": 22.09571897485719,
    "F115W_lensed_source_magnitude_ab": 23.76242521273784,
    "F115W_source_magnitude_ab": 25.274251305272003,
    "F115W_magnification": 2.631435628876221,
    "F115W_max_lensed_source_signal_to_noise_ratio": 1.5447154218305394
}