{
    "einstein_radius": 0.38075393054344603,
    "F150W_lens_magnitude_ab": 19.14952604171812,
    "F150W_lensed_source_magnitude_ab": 22.02427837057204,
    "F150W_source_magnitude_ab": 21.970329032710673,
    "F150W_magnification": 1.672117034508118,
    "F150W_max_lensed_source_signal_to_noise_ratio": 31.499471870615928,
    "F277W_lens_magnitude_ab": 17.78536184181916,
    "F277W_lensed_source_magnitude_ab": 21.72513801341971,
    "F277W_source_magnitude_ab": 21.303268581161632,
    "F277W_magnification": 1.6640238355009784,
    "F277W_max_lensed_source_signal_to_noise_ratio": 50.99978170866785,
    "F444W_lens_magnitude_ab": 18.323936201397466,
    "F444W_lensed_source_magnitude_ab": 21.496750187189036,
    "F444W_source_magnitude_ab": 20.3360934487439,
    "F444W_magnification": 1.676791005249271,
    "F444W_max_lensed_source_signal_to_noise_ratio": 53.267019267350115,
    "F115W_lens_magnitude_ab": 19.36563334754181,
    "F115W_lensed_source_magnitude_ab": 22.345421245786035,
    "F115W_source_magnitude_ab": 22.692762560389305,
    "F115W_magnification": 1.6753189582293329,
    "F115W_max_lensed_source_signal_to_noise_ratio": 24.493823457559273
}