{
    "einstein_radius": 0.8493607783029052,
    "F277W_lens_magnitude_ab": 20.324912731791123,
    "F277W_lensed_source_magnitude_ab": 24.090258596643324,
    "F277W_source_magnitude_ab": 24.331979373510933,
    "F277W_magnification": 5.9520927853546235,
    "F277W_max_lensed_source_signal_to_noise_ratio": 1.4710842075077797
}