{
    "einstein_radius": 0.32477640321134865,
    "F277W_lens_magnitude_ab": 19.61517472335944,
    "F277W_lensed_source_magnitude_ab": 23.910535593095965,
    "F277W_source_magnitude_ab": 24.04290423728478,
    "F277W_magnification": 2.6434881710038725,
    "F277W_max_lensed_source_signal_to_noise_ratio": 6.256072966855496,
    "F444W_lens_magnitude_ab": 22.522014053007123,
    "F444W_lensed_source_magnitude_ab": 25.21189552318875,
    "F444W_source_magnitude_ab": 21.87766640492646,
    "F444W_magnification": 3.8340151184903264,
    "F444W_max_lensed_source_signal_to_noise_ratio": 6.016389726515501,
    "F150W_lens_magnitude_ab": 24.9118577265403,
    "F150W_lensed_source_magnitude_ab": Infinity,
    "F150W_source_magnitude_ab": Infinity,
    "F150W_magnification": NaN,
    "F150W_max_lensed_source_signal_to_noise_ratio": 0.0,
    "F115W_lens_magnitude_ab": 22.51399005282489,
    "F115W_lensed_source_magnitude_ab": 23.839714471593442,
    "F115W_source_magnitude_ab": 25.027209970918555,
    "F115W_magnification": 1.5255323778142624,
    "F115W_max_lensed_source_signal_to_noise_ratio": 3.137076540210001
}