{
    "einstein_radius": 0.3846533590064119,
    "F277W_lens_magnitude_ab": 20.04016724888065,
    "F277W_lensed_source_magnitude_ab": 22.696090980784362,
    "F277W_source_magnitude_ab": 22.164782183687223,
    "F277W_magnification": 2.3328950959298145,
    "F277W_max_lensed_source_signal_to_noise_ratio": 26.985475067641794,
    "F444W_lens_magnitude_ab": 19.93527269282889,
    "F444W_lensed_source_magnitude_ab": 22.55199864491068,
    "F444W_source_magnitude_ab": 22.216645935900154,
    "F444W_magnification": 2.4825233555636035,
    "F444W_max_lensed_source_signal_to_noise_ratio": 27.33842102434787,
    "F150W_lens_magnitude_ab": 22.438413328239683,
    "F150W_lensed_source_magnitude_ab": 22.94972242969342,
    "F150W_source_magnitude_ab": 22.69052089871893,
    "F150W_magnification": 2.4871994425598105,
    "F150W_max_lensed_source_signal_to_noise_ratio": 13.673388186382462,
    "F115W_lens_magnitude_ab": 23.2023055876839,
    "F115W_lensed_source_magnitude_ab": 23.013241369572913,
    "F115W_source_magnitude_ab": 23.370655893561327,
    "F115W_magnification": 2.422118283425003,
    "F115W_max_lensed_source_signal_to_noise_ratio": 10.918003439270848
}