{
    "einstein_radius": 1.325741421660069,
    "F277W_lens_magnitude_ab": 16.88987627701344,
    "F277W_lensed_source_magnitude_ab": 20.678377717127255,
    "F277W_source_magnitude_ab": 20.056690305298112,
    "F277W_magnification": 3.921691785053765,
    "F277W_max_lensed_source_signal_to_noise_ratio": 69.72598310896379,
    "F444W_lens_magnitude_ab": 17.049803436699005,
    "F444W_lensed_source_magnitude_ab": 21.053998930771918,
    "F444W_source_magnitude_ab": 21.36943509451047,
    "F444W_magnification": 3.9497527129413488,
    "F444W_max_lensed_source_signal_to_noise_ratio": 50.39049528796544,
    "F150W_lens_magnitude_ab": 19.49211351852476,
    "F150W_lensed_source_magnitude_ab": 21.485693075454847,
    "F150W_source_magnitude_ab": 21.38286001039698,
    "F150W_magnification": 4.404802569841364,
    "F150W_max_lensed_source_signal_to_noise_ratio": 34.44377967704901,
    "F115W_lens_magnitude_ab": 20.02707675283246,
    "F115W_lensed_source_magnitude_ab": 21.619401274452926,
    "F115W_source_magnitude_ab": 22.090733797566642,
    "F115W_magnification": 4.485258544305195,
    "F115W_max_lensed_source_signal_to_noise_ratio": 25.280110775958633
}