{
    "einstein_radius": 0.48497364238618895,
    "F277W_lens_magnitude_ab": 17.80657981054665,
    "F277W_lensed_source_magnitude_ab": 22.593132121359144,
    "F277W_source_magnitude_ab": 23.23853022587128,
    "F277W_magnification": 2.468613281960448,
    "F277W_max_lensed_source_signal_to_noise_ratio": 5.47996482054459,
    "F444W_lens_magnitude_ab": 17.722178676377762,
    "F444W_lensed_source_magnitude_ab": 22.781361321855762,
    "F444W_source_magnitude_ab": 23.59438874136798,
    "F444W_magnification": 2.4606306714373845,
    "F444W_max_lensed_source_signal_to_noise_ratio": 4.375090754062682,
    "F150W_lens_magnitude_ab": 20.26180196901262,
    "F150W_lensed_source_magnitude_ab": 22.662792903099604,
    "F150W_source_magnitude_ab": 24.9346740472756,
    "F150W_magnification": 2.184930960620066,
    "F150W_max_lensed_source_signal_to_noise_ratio": 2.599040635345991,
    "F115W_lens_magnitude_ab": 20.69031779044253,
    "F115W_lensed_source_magnitude_ab": 23.267257792691893,
    "F115W_source_magnitude_ab": 25.662586417328626,
    "F115W_magnification": 1.9847951745761763,
    "F115W_max_lensed_source_signal_to_noise_ratio": 1.9031703489281717
}