{
    "einstein_radius": 0.8706600649582462,
    "F277W_lens_magnitude_ab": 18.66678742661155,
    "F277W_lensed_source_magnitude_ab": 24.1434452202539,
    "F277W_source_magnitude_ab": 23.89618103481732,
    "F277W_magnification": 3.2190067869880172,
    "F277W_max_lensed_source_signal_to_noise_ratio": 4.884247767989206,
    "F444W_lens_magnitude_ab": 19.379533976234278,
    "F444W_lensed_source_magnitude_ab": 24.51247884402825,
    "F444W_source_magnitude_ab": 24.400170643463884,
    "F444W_magnification": 2.7227761462257036,
    "F444W_max_lensed_source_signal_to_noise_ratio": 4.20302566216834,
    "F150W_lens_magnitude_ab": 20.319952609557664,
    "F150W_lensed_source_magnitude_ab": 23.460067936715127,
    "F150W_source_magnitude_ab": 25.39563520739305,
    "F150W_magnification": 2.7381999775718926,
    "F150W_max_lensed_source_signal_to_noise_ratio": 2.8809377094253357,
    "F115W_lens_magnitude_ab": 20.677271523905112,
    "F115W_lensed_source_magnitude_ab": Infinity,
    "F115W_source_magnitude_ab": Infinity,
    "F115W_magnification": NaN,
    "F115W_max_lensed_source_signal_to_noise_ratio": 0.0
}