{
    "einstein_radius": 0.6398125695007484,
    "F277W_lens_magnitude_ab": 17.162504326434792,
    "F277W_lensed_source_magnitude_ab": 22.258356681416018,
    "F277W_source_magnitude_ab": 22.757149241576865,
    "F277W_magnification": 2.959246321962409,
    "F277W_max_lensed_source_signal_to_noise_ratio": 9.624938797084862,
    "F444W_lens_magnitude_ab": 17.621786001059917,
    "F444W_lensed_source_magnitude_ab": 22.62203475131948,
    "F444W_source_magnitude_ab": 22.975987999660934,
    "F444W_magnification": 3.5308541274781895,
    "F444W_max_lensed_source_signal_to_noise_ratio": 7.3421934253130505,
    "F150W_lens_magnitude_ab": 19.42609399861278,
    "F150W_lensed_source_magnitude_ab": 22.59367857053912,
    "F150W_source_magnitude_ab": 24.05533370640474,
    "F150W_magnification": 4.078061957093984,
    "F150W_max_lensed_source_signal_to_noise_ratio": 3.982047959047488,
    "F115W_lens_magnitude_ab": 19.889021266977633,
    "F115W_lensed_source_magnitude_ab": 23.102196148611927,
    "F115W_source_magnitude_ab": 24.905453720939875,
    "F115W_magnification": 5.071768569772634,
    "F115W_max_lensed_source_signal_to_noise_ratio": 2.378280246050867
}