{
    "einstein_radius": 0.40010534771654294,
    "F444W_lens_magnitude_ab": 18.729527541652445,
    "F444W_lensed_source_magnitude_ab": 21.311062483211842,
    "F444W_source_magnitude_ab": 21.04936679448827,
    "F444W_magnification": 2.1448966252336628,
    "F444W_max_lensed_source_signal_to_noise_ratio": 50.587450104578714,
    "F277W_lens_magnitude_ab": 18.191605085084337,
    "F277W_lensed_source_magnitude_ab": 21.20768025767434,
    "F277W_source_magnitude_ab": 21.315820828327684,
    "F277W_magnification": 2.1188625001118497,
    "F277W_max_lensed_source_signal_to_noise_ratio": 32.4839191096091,
    "F150W_lens_magnitude_ab": 20.185976970763008,
    "F150W_lensed_source_magnitude_ab": 21.674086190576908,
    "F150W_source_magnitude_ab": 23.471817984596647,
    "F150W_magnification": 1.8896772707023362,
    "F150W_max_lensed_source_signal_to_noise_ratio": 5.61695555003378
}