{
    "einstein_radius": 0.49072970639678454,
    "F115W_lens_magnitude_ab": 21.431958189970345,
    "F115W_lensed_source_magnitude_ab": 23.13149988633252,
    "F115W_source_magnitude_ab": 23.243291062328815,
    "F115W_magnification": 3.0424993166231813,
    "F115W_max_lensed_source_signal_to_noise_ratio": 15.873916045940918,
    "F277W_lens_magnitude_ab": 19.373330740617174,
    "F277W_lensed_source_magnitude_ab": 23.225737574689322,
    "F277W_source_magnitude_ab": 22.892694565874205,
    "F277W_magnification": 3.0164203746857217,
    "F277W_max_lensed_source_signal_to_noise_ratio": 31.993730074251776,
    "F444W_lens_magnitude_ab": 19.79517980451992,
    "F444W_lensed_source_magnitude_ab": 23.617081872200504,
    "F444W_source_magnitude_ab": 22.436073623920294,
    "F444W_magnification": 2.938372641557534,
    "F444W_max_lensed_source_signal_to_noise_ratio": 17.328062479911384,
    "F150W_lens_magnitude_ab": 21.304783627800177,
    "F150W_lensed_source_magnitude_ab": 23.192624250029834,
    "F150W_source_magnitude_ab": 23.459421562461042,
    "F150W_magnification": 3.054079249473774,
    "F150W_max_lensed_source_signal_to_noise_ratio": 17.704858751158827
}