{
    "einstein_radius": 0.4413804515528727,
    "F150W_lens_magnitude_ab": 21.766015506646543,
    "F150W_lensed_source_magnitude_ab": 22.87714280563056,
    "F150W_source_magnitude_ab": 23.4525911413036,
    "F150W_magnification": 4.5511788450507575,
    "F150W_max_lensed_source_signal_to_noise_ratio": 8.95782813966134,
    "F277W_lens_magnitude_ab": 19.542194755918118,
    "F277W_lensed_source_magnitude_ab": 22.8253148333244,
    "F277W_source_magnitude_ab": 22.973582411539766,
    "F277W_magnification": 5.609817805880631,
    "F277W_max_lensed_source_signal_to_noise_ratio": 11.15470334252574,
    "F444W_lens_magnitude_ab": 19.336269439362454,
    "F444W_lensed_source_magnitude_ab": 22.601302013159085,
    "F444W_source_magnitude_ab": 22.637259885303834,
    "F444W_magnification": 4.990551402401238,
    "F444W_max_lensed_source_signal_to_noise_ratio": 13.555130140315114,
    "F115W_lens_magnitude_ab": 22.34107140942465,
    "F115W_lensed_source_magnitude_ab": 23.04743991483176,
    "F115W_source_magnitude_ab": 23.877044705111445,
    "F115W_magnification": 4.664673296615597,
    "F115W_max_lensed_source_signal_to_noise_ratio": 6.693232519594468
}