{
    "einstein_radius": 0.4225828519364973,
    "F150W_lens_magnitude_ab": 22.312112917760533,
    "F150W_lensed_source_magnitude_ab": 23.001485644358397,
    "F150W_source_magnitude_ab": 23.368042008472777,
    "F150W_magnification": 2.2059608179678505,
    "F150W_max_lensed_source_signal_to_noise_ratio": 14.10535223177022,
    "F277W_lens_magnitude_ab": 19.985103819531773,
    "F277W_lensed_source_magnitude_ab": 23.298712741339628,
    "F277W_source_magnitude_ab": 23.84619726357421,
    "F277W_magnification": 2.241333293016853,
    "F277W_max_lensed_source_signal_to_noise_ratio": 9.666863377908385,
    "F444W_lens_magnitude_ab": 19.868184622374166,
    "F444W_lensed_source_magnitude_ab": 23.49714383543968,
    "F444W_source_magnitude_ab": 23.44416328666667,
    "F444W_magnification": 2.255857734267551,
    "F444W_max_lensed_source_signal_to_noise_ratio": 6.370406450387004,
    "F115W_lens_magnitude_ab": 22.738056049243163,
    "F115W_lensed_source_magnitude_ab": 23.267081480833266,
    "F115W_source_magnitude_ab": 25.220647523681134,
    "F115W_magnification": 2.522160719335424,
    "F115W_max_lensed_source_signal_to_noise_ratio": 6.598642884398515
}