{
    "einstein_radius": 0.38302655480065234,
    "F277W_lens_magnitude_ab": 18.212901137137823,
    "F277W_lensed_source_magnitude_ab": 23.538664189657695,
    "F277W_source_magnitude_ab": 23.748374639875912,
    "F277W_magnification": 2.1479287183302262,
    "F277W_max_lensed_source_signal_to_noise_ratio": 9.645606938928081,
    "F444W_lens_magnitude_ab": 18.507300601442196,
    "F444W_lensed_source_magnitude_ab": 23.81532086031994,
    "F444W_source_magnitude_ab": 23.9073023221042,
    "F444W_magnification": 2.3140955477117657,
    "F444W_max_lensed_source_signal_to_noise_ratio": 7.991189468941501,
    "F150W_lens_magnitude_ab": 20.341734354970825,
    "F150W_lensed_source_magnitude_ab": 23.25300596932538,
    "F150W_source_magnitude_ab": 23.928499462986736,
    "F150W_magnification": 1.8270682477485283,
    "F150W_max_lensed_source_signal_to_noise_ratio": 7.264427716523589
}