{
    "einstein_radius": 0.24236669111153863,
    "F150W_lens_magnitude_ab": 23.558267206946955,
    "F150W_lensed_source_magnitude_ab": 23.075318630006162,
    "F150W_source_magnitude_ab": 23.30245040868763,
    "F150W_magnification": 1.9732024530392036,
    "F150W_max_lensed_source_signal_to_noise_ratio": 16.490576039095753,
    "F277W_lens_magnitude_ab": 22.241262788838746,
    "F277W_lensed_source_magnitude_ab": 23.138312126254384,
    "F277W_source_magnitude_ab": 23.110950445824745,
    "F277W_magnification": 2.4441276650093515,
    "F277W_max_lensed_source_signal_to_noise_ratio": 13.75607401659568,
    "F444W_lens_magnitude_ab": 21.403966326872872,
    "F444W_lensed_source_magnitude_ab": 23.477592374004814,
    "F444W_source_magnitude_ab": 23.99022065195312,
    "F444W_magnification": 2.349961736451912,
    "F444W_max_lensed_source_signal_to_noise_ratio": 10.292634155941009,
    "F115W_lens_magnitude_ab": 23.71615408658252,
    "F115W_lensed_source_magnitude_ab": 23.00340546795334,
    "F115W_source_magnitude_ab": 24.597331173920036,
    "F115W_magnification": 2.020291054833877,
    "F115W_max_lensed_source_signal_to_noise_ratio": 9.706632915220355
}