{
    "einstein_radius": 0.6170286553269307,
    "F277W_lens_magnitude_ab": 18.226393359120344,
    "F277W_lensed_source_magnitude_ab": 23.798410970932025,
    "F277W_source_magnitude_ab": 24.614128370378115,
    "F277W_magnification": 2.913465106670539,
    "F277W_max_lensed_source_signal_to_noise_ratio": 3.2848533427119997,
    "F444W_lens_magnitude_ab": 18.535737095607374,
    "F444W_lensed_source_magnitude_ab": 24.056848218502566,
    "F444W_source_magnitude_ab": 24.336991560148807,
    "F444W_magnification": 2.932057130658114,
    "F444W_max_lensed_source_signal_to_noise_ratio": 2.449174637879028,
    "F150W_lens_magnitude_ab": 20.355497584835625,
    "F150W_lensed_source_magnitude_ab": 23.57864697725944,
    "F150W_source_magnitude_ab": 25.844906343486105,
    "F150W_magnification": 2.874784526317632,
    "F150W_max_lensed_source_signal_to_noise_ratio": 1.144993189342695
}