{
    "einstein_radius": 0.6443245414863878,
    "F444W_lens_magnitude_ab": 20.113770996670922,
    "F444W_lensed_source_magnitude_ab": 23.852411871234725,
    "F444W_source_magnitude_ab": 24.085579240663787,
    "F444W_magnification": 4.543438744777636,
    "F444W_max_lensed_source_signal_to_noise_ratio": 3.1186873737928513,
    "F277W_lens_magnitude_ab": 19.679417698936692,
    "F277W_lensed_source_magnitude_ab": 23.225352968605353,
    "F277W_source_magnitude_ab": 23.37295367287074,
    "F277W_magnification": 4.784959810012896,
    "F277W_max_lensed_source_signal_to_noise_ratio": 5.192674496853624,
    "F150W_lens_magnitude_ab": 21.487574127890326,
    "F150W_lensed_source_magnitude_ab": 23.37262777675726,
    "F150W_source_magnitude_ab": 25.163666700373795,
    "F150W_magnification": 3.7833123061497163,
    "F150W_max_lensed_source_signal_to_noise_ratio": 2.643662206912771,
    "F115W_lens_magnitude_ab": 21.60824280435213,
    "F115W_lensed_source_magnitude_ab": 23.27210020641611,
    "F115W_source_magnitude_ab": 24.914725519006947,
    "F115W_magnification": 2.8906450514733213,
    "F115W_max_lensed_source_signal_to_noise_ratio": 2.0579317355246043
}