{
    "einstein_radius": 0.32034869278795675,
    "F150W_lens_magnitude_ab": 19.982559078607057,
    "F150W_lensed_source_magnitude_ab": 22.943744022116842,
    "F150W_source_magnitude_ab": 22.99649390018471,
    "F150W_magnification": 2.1539521387842613,
    "F150W_max_lensed_source_signal_to_noise_ratio": 10.449605286432824,
    "F277W_lens_magnitude_ab": 17.860468311934824,
    "F277W_lensed_source_magnitude_ab": 23.090534461220955,
    "F277W_source_magnitude_ab": 22.888087949975958,
    "F277W_magnification": 1.8594108452671514,
    "F277W_max_lensed_source_signal_to_noise_ratio": 13.48601796961915,
    "F444W_lens_magnitude_ab": 18.633920550952155,
    "F444W_lensed_source_magnitude_ab": 23.48945180726493,
    "F444W_source_magnitude_ab": 22.698659457935427,
    "F444W_magnification": 1.849456320530677,
    "F444W_max_lensed_source_signal_to_noise_ratio": 10.614673342853067,
    "F115W_lens_magnitude_ab": 20.35429398921058,
    "F115W_lensed_source_magnitude_ab": 23.557365656347876,
    "F115W_source_magnitude_ab": 23.409466929224234,
    "F115W_magnification": 2.1766221191523263,
    "F115W_max_lensed_source_signal_to_noise_ratio": 8.899773679969854
}