{
    "einstein_radius": 1.2684080300074803,
    "F277W_lens_magnitude_ab": 16.770229485200254,
    "F277W_lensed_source_magnitude_ab": 22.99820563500977,
    "F277W_source_magnitude_ab": 23.535277241382623,
    "F277W_magnification": 4.674841291089759,
    "F277W_max_lensed_source_signal_to_noise_ratio": 3.649371952253401,
    "F444W_lens_magnitude_ab": 17.338353656868183,
    "F444W_lensed_source_magnitude_ab": 23.44983683843761,
    "F444W_source_magnitude_ab": 24.319106118851582,
    "F444W_magnification": 5.876992759422067,
    "F444W_max_lensed_source_signal_to_noise_ratio": 2.994299340809673,
    "F150W_lens_magnitude_ab": 18.960101424786878,
    "F150W_lensed_source_magnitude_ab": 22.722561274079478,
    "F150W_source_magnitude_ab": 25.108199882455363,
    "F150W_magnification": 3.1115678970980043,
    "F150W_max_lensed_source_signal_to_noise_ratio": 1.5961235230754596,
    "F115W_lens_magnitude_ab": 19.361314442823666,
    "F115W_lensed_source_magnitude_ab": 22.916100310785442,
    "F115W_source_magnitude_ab": 25.35372167976007,
    "F115W_magnification": 3.770477063474923,
    "F115W_max_lensed_source_signal_to_noise_ratio": 0.6673514107279361
}