{
    "einstein_radius": 0.49876140082554016,
    "F444W_lens_magnitude_ab": 20.3090711623125,
    "F444W_lensed_source_magnitude_ab": 24.08946814864962,
    "F444W_source_magnitude_ab": 24.16416321888211,
    "F444W_magnification": 2.556738330197991,
    "F444W_max_lensed_source_signal_to_noise_ratio": 3.855758170794269
}