{
    "einstein_radius": 1.8636067820708686,
    "F444W_lens_magnitude_ab": 15.19745948015444,
    "F444W_lensed_source_magnitude_ab": 19.96811042886487,
    "F444W_source_magnitude_ab": 18.318704103570937,
    "F444W_magnification": 3.9980972397004058,
    "F444W_max_lensed_source_signal_to_noise_ratio": 118.9925922127127
}