{
    "einstein_radius": 0.5022284109214766,
    "F277W_lens_magnitude_ab": 20.443983433341582,
    "F277W_lensed_source_magnitude_ab": 23.518421257347963,
    "F277W_source_magnitude_ab": 23.45233460743206,
    "F277W_magnification": 3.6019318144965853,
    "F277W_max_lensed_source_signal_to_noise_ratio": 10.987151118362549,
    "F444W_lens_magnitude_ab": 20.35582639206365,
    "F444W_lensed_source_magnitude_ab": 23.4474437136461,
    "F444W_source_magnitude_ab": 23.16041909125762,
    "F444W_magnification": 3.6597709147647257,
    "F444W_max_lensed_source_signal_to_noise_ratio": 10.572667896717823,
    "F150W_lens_magnitude_ab": 22.271079850796852,
    "F150W_lensed_source_magnitude_ab": 23.370248409629582,
    "F150W_source_magnitude_ab": 23.90221720590328,
    "F150W_magnification": 2.7119422928895935,
    "F150W_max_lensed_source_signal_to_noise_ratio": 6.542452880559053,
    "F115W_lens_magnitude_ab": 22.70718829419505,
    "F115W_lensed_source_magnitude_ab": 23.39092083429859,
    "F115W_source_magnitude_ab": 24.040591335070356,
    "F115W_magnification": 3.634571134440407,
    "F115W_max_lensed_source_signal_to_noise_ratio": 7.211667414722942
}