{
    "einstein_radius": 0.21952105769165162,
    "F150W_lens_magnitude_ab": 19.711779587224495,
    "F150W_lensed_source_magnitude_ab": 22.43146518632898,
    "F150W_source_magnitude_ab": 23.425580462648654,
    "F150W_magnification": 1.5872519050654676,
    "F150W_max_lensed_source_signal_to_noise_ratio": 8.814078639040583,
    "F277W_lens_magnitude_ab": 17.205425902427976,
    "F277W_lensed_source_magnitude_ab": 22.77340918257765,
    "F277W_source_magnitude_ab": 22.973441074644548,
    "F277W_magnification": 2.1133122774326036,
    "F277W_max_lensed_source_signal_to_noise_ratio": 13.29232284869901,
    "F444W_lens_magnitude_ab": 17.409856244987143,
    "F444W_lensed_source_magnitude_ab": 23.43134714776888,
    "F444W_source_magnitude_ab": 23.54490164848767,
    "F444W_magnification": 1.9899755676758928,
    "F444W_max_lensed_source_signal_to_noise_ratio": 4.072360991872322,
    "F115W_lens_magnitude_ab": 20.300396441599553,
    "F115W_lensed_source_magnitude_ab": 22.457199886850372,
    "F115W_source_magnitude_ab": 23.11255037064264,
    "F115W_magnification": 1.754631781682482,
    "F115W_max_lensed_source_signal_to_noise_ratio": 7.288949415095684
}