{
    "einstein_radius": 0.4098787487124541,
    "F277W_lens_magnitude_ab": 19.544900919201588,
    "F277W_lensed_source_magnitude_ab": 22.606447460005786,
    "F277W_source_magnitude_ab": 22.811122500344197,
    "F277W_magnification": 4.228887342764221,
    "F277W_max_lensed_source_signal_to_noise_ratio": 11.421439471936674,
    "F444W_lens_magnitude_ab": 19.73691942159097,
    "F444W_lensed_source_magnitude_ab": 23.134981597634663,
    "F444W_source_magnitude_ab": 23.08457894933759,
    "F444W_magnification": 4.270435272839115,
    "F444W_max_lensed_source_signal_to_noise_ratio": 6.178816249839623,
    "F150W_lens_magnitude_ab": 21.588346063830564,
    "F150W_lensed_source_magnitude_ab": 22.768264070413455,
    "F150W_source_magnitude_ab": 24.23964880100609,
    "F150W_magnification": 3.6318716505973385,
    "F150W_max_lensed_source_signal_to_noise_ratio": 3.8611727285241675,
    "F115W_lens_magnitude_ab": 21.707833750662722,
    "F115W_lensed_source_magnitude_ab": 22.79223668831338,
    "F115W_source_magnitude_ab": 23.94103765479036,
    "F115W_magnification": 3.135833602183109,
    "F115W_max_lensed_source_signal_to_noise_ratio": 5.508960721261178
}