{
    "einstein_radius": 0.5990117597020482,
    "F444W_lens_magnitude_ab": 19.041596483817777,
    "F444W_lensed_source_magnitude_ab": 21.281896447985698,
    "F444W_source_magnitude_ab": 20.63680697731351,
    "F444W_magnification": 3.238610133164817,
    "F444W_max_lensed_source_signal_to_noise_ratio": 34.78275407884726,
    "F277W_lens_magnitude_ab": 20.10789562453163,
    "F277W_lensed_source_magnitude_ab": 21.496012080801933,
    "F277W_source_magnitude_ab": 21.138391686041146,
    "F277W_magnification": 3.068817429080714,
    "F277W_max_lensed_source_signal_to_noise_ratio": 29.46036719712736,
    "F150W_lens_magnitude_ab": 23.168514716783662,
    "F150W_lensed_source_magnitude_ab": 22.6662312143021,
    "F150W_source_magnitude_ab": 24.099794590626406,
    "F150W_magnification": 2.9869563158629213,
    "F150W_max_lensed_source_signal_to_noise_ratio": 9.490476733806876
}