{
    "einstein_radius": 1.0022851258742123,
    "F444W_lens_magnitude_ab": 19.970051266267543,
    "F444W_lensed_source_magnitude_ab": 23.295538796993004,
    "F444W_source_magnitude_ab": 22.721116169610568,
    "F444W_magnification": 5.113415136348821,
    "F444W_max_lensed_source_signal_to_noise_ratio": 25.184890744100578,
    "F277W_lens_magnitude_ab": 19.711107828968974,
    "F277W_lensed_source_magnitude_ab": 23.442875592468017,
    "F277W_source_magnitude_ab": 22.764155095516273,
    "F277W_magnification": 4.936336499996881,
    "F277W_max_lensed_source_signal_to_noise_ratio": 29.973103964908994,
    "F150W_lens_magnitude_ab": 22.019533083709078,
    "F150W_lensed_source_magnitude_ab": 23.644568394718345,
    "F150W_source_magnitude_ab": 23.605124381213585,
    "F150W_magnification": 3.000981059350405,
    "F150W_max_lensed_source_signal_to_noise_ratio": 18.25692519093515,
    "F115W_lens_magnitude_ab": 22.619279191971486,
    "F115W_lensed_source_magnitude_ab": 24.140992035135348,
    "F115W_source_magnitude_ab": 24.163973814758716,
    "F115W_magnification": 3.6402324577946867,
    "F115W_max_lensed_source_signal_to_noise_ratio": 13.489107399473175
}