{
    "einstein_radius": 0.4387783643603962,
    "F277W_lens_magnitude_ab": 19.575368653791177,
    "F277W_lensed_source_magnitude_ab": 22.542045337202726,
    "F277W_source_magnitude_ab": 22.23518204026419,
    "F277W_magnification": 2.415395129306799,
    "F277W_max_lensed_source_signal_to_noise_ratio": 21.68523131556885,
    "F444W_lens_magnitude_ab": 19.637857434346323,
    "F444W_lensed_source_magnitude_ab": 22.731723121846493,
    "F444W_source_magnitude_ab": 22.79923000568078,
    "F444W_magnification": 2.7130370147826928,
    "F444W_max_lensed_source_signal_to_noise_ratio": 20.07094436787389,
    "F150W_lens_magnitude_ab": 21.746478600834187,
    "F150W_lensed_source_magnitude_ab": 22.974114618914857,
    "F150W_source_magnitude_ab": 23.455366231608874,
    "F150W_magnification": 2.5977205953714027,
    "F150W_max_lensed_source_signal_to_noise_ratio": 11.141345417403253,
    "F115W_lens_magnitude_ab": 21.85951777797054,
    "F115W_lensed_source_magnitude_ab": 22.93558813024663,
    "F115W_source_magnitude_ab": 23.689557926898686,
    "F115W_magnification": 2.6354038570958997,
    "F115W_max_lensed_source_signal_to_noise_ratio": 10.199585938881054
}