{
    "einstein_radius": 0.47599631149914245,
    "F277W_lens_magnitude_ab": 20.624341596639283,
    "F277W_lensed_source_magnitude_ab": 23.911164834711574,
    "F277W_source_magnitude_ab": 23.79947933742459,
    "F277W_magnification": 5.84093193712897,
    "F277W_max_lensed_source_signal_to_noise_ratio": 5.182550845591565,
    "F444W_lens_magnitude_ab": 20.53501793828498,
    "F444W_lensed_source_magnitude_ab": 23.81813049038979,
    "F444W_source_magnitude_ab": 23.648997362764646,
    "F444W_magnification": 5.359312775044805,
    "F444W_max_lensed_source_signal_to_noise_ratio": 4.361203400504666,
    "F150W_lens_magnitude_ab": 22.56049706622404,
    "F150W_lensed_source_magnitude_ab": 23.634808359833837,
    "F150W_source_magnitude_ab": 25.083370104372317,
    "F150W_magnification": 4.21901830545003,
    "F150W_max_lensed_source_signal_to_noise_ratio": 4.106851945427505,
    "F115W_lens_magnitude_ab": 22.786468038622367,
    "F115W_lensed_source_magnitude_ab": 23.606747316875765,
    "F115W_source_magnitude_ab": 24.83299251437808,
    "F115W_magnification": 4.02512053467138,
    "F115W_max_lensed_source_signal_to_noise_ratio": 3.0316501981595367
}