{
    "einstein_radius": 1.004128383149621,
    "F277W_lens_magnitude_ab": 15.68532212096233,
    "F277W_lensed_source_magnitude_ab": 21.147920691868634,
    "F277W_source_magnitude_ab": 22.03169769640965,
    "F277W_magnification": 2.961286549620797,
    "F277W_max_lensed_source_signal_to_noise_ratio": 11.145460695547209,
    "F444W_lens_magnitude_ab": 16.343071240107236,
    "F444W_lensed_source_magnitude_ab": 21.4112359406086,
    "F444W_source_magnitude_ab": 22.69666844017819,
    "F444W_magnification": 2.9488437750861274,
    "F444W_max_lensed_source_signal_to_noise_ratio": 9.924597297858027,
    "F150W_lens_magnitude_ab": 16.97148468739705,
    "F150W_lensed_source_magnitude_ab": 20.72298543411473,
    "F150W_source_magnitude_ab": 23.620338313695896,
    "F150W_magnification": 3.127492298396249,
    "F150W_max_lensed_source_signal_to_noise_ratio": 16.926530343862964,
    "F115W_lens_magnitude_ab": 17.30043340364655,
    "F115W_lensed_source_magnitude_ab": 20.872088449640444,
    "F115W_source_magnitude_ab": 23.689474640796494,
    "F115W_magnification": 3.0822620887999883,
    "F115W_max_lensed_source_signal_to_noise_ratio": 12.207213827609122
}