{
    "einstein_radius": 0.7296683979154321,
    "F150W_lens_magnitude_ab": 22.31974921427462,
    "F150W_lensed_source_magnitude_ab": 24.07775497097159,
    "F150W_source_magnitude_ab": 25.036319194550934,
    "F150W_magnification": 2.4620029566337305,
    "F150W_max_lensed_source_signal_to_noise_ratio": 4.222756504124348,
    "F277W_lens_magnitude_ab": 20.46270678826504,
    "F277W_lensed_source_magnitude_ab": 24.41853331652049,
    "F277W_source_magnitude_ab": 24.280993855333527,
    "F277W_magnification": 2.9815150249557205,
    "F277W_max_lensed_source_signal_to_noise_ratio": 4.220703171267923,
    "F444W_lens_magnitude_ab": 20.363353195702853,
    "F444W_lensed_source_magnitude_ab": 24.738222695554363,
    "F444W_source_magnitude_ab": 24.582470215355084,
    "F444W_magnification": 2.832063096902084,
    "F444W_max_lensed_source_signal_to_noise_ratio": 2.9478746278644703,
    "F115W_lens_magnitude_ab": 22.475407759778104,
    "F115W_lensed_source_magnitude_ab": 23.630966053855104,
    "F115W_source_magnitude_ab": 26.065371152680893,
    "F115W_magnification": 2.118218478970349,
    "F115W_max_lensed_source_signal_to_noise_ratio": 2.991321441418691
}