{
    "einstein_radius": 0.4168860088433623,
    "F277W_lens_magnitude_ab": 20.75964189069306,
    "F277W_lensed_source_magnitude_ab": 25.03051155133477,
    "F277W_source_magnitude_ab": 25.979210915881456,
    "F277W_magnification": 7.934724519326809,
    "F277W_max_lensed_source_signal_to_noise_ratio": 1.7563537792446955,
    "F444W_lens_magnitude_ab": 20.798945550944026,
    "F444W_lensed_source_magnitude_ab": Infinity,
    "F444W_source_magnitude_ab": Infinity,
    "F444W_magnification": NaN,
    "F444W_max_lensed_source_signal_to_noise_ratio": 0.0,
    "F150W_lens_magnitude_ab": 22.75303561762737,
    "F150W_lensed_source_magnitude_ab": 24.271135522293523,
    "F150W_source_magnitude_ab": 25.698597339862733,
    "F150W_magnification": 4.209268407081263,
    "F150W_max_lensed_source_signal_to_noise_ratio": 2.416386581770962,
    "F115W_lens_magnitude_ab": 22.620099199281157,
    "F115W_lensed_source_magnitude_ab": Infinity,
    "F115W_source_magnitude_ab": Infinity,
    "F115W_magnification": NaN,
    "F115W_max_lensed_source_signal_to_noise_ratio": 0.0
}