{
    "einstein_radius": 0.51387863794706,
    "F277W_lens_magnitude_ab": 16.938405850670982,
    "F277W_lensed_source_magnitude_ab": 20.03302630400678,
    "F277W_source_magnitude_ab": 19.485370094995073,
    "F277W_magnification": 3.0115845955292024,
    "F277W_max_lensed_source_signal_to_noise_ratio": 44.228154850629686,
    "F444W_lens_magnitude_ab": 17.557096499595673,
    "F444W_lensed_source_magnitude_ab": 20.49402107366913,
    "F444W_source_magnitude_ab": 19.895834980942436,
    "F444W_magnification": 3.042541750848153,
    "F444W_max_lensed_source_signal_to_noise_ratio": 46.44760630074007,
    "F150W_lens_magnitude_ab": 18.87946478182402,
    "F150W_lensed_source_magnitude_ab": 20.189973433283715,
    "F150W_source_magnitude_ab": 21.35777076302192,
    "F150W_magnification": 3.399504811921094,
    "F150W_max_lensed_source_signal_to_noise_ratio": 28.39960243650917,
    "F115W_lens_magnitude_ab": 19.364983425549127,
    "F115W_lensed_source_magnitude_ab": 20.570558836246846,
    "F115W_source_magnitude_ab": 21.684670449717533,
    "F115W_magnification": 3.286138771258453,
    "F115W_max_lensed_source_signal_to_noise_ratio": 19.9770203690585
}