{
    "einstein_radius": 0.5744637937215114,
    "F444W_lens_magnitude_ab": 20.147882961172186,
    "F444W_lensed_source_magnitude_ab": 23.94089657142021,
    "F444W_source_magnitude_ab": 24.161507733957702,
    "F444W_magnification": 4.958962756126762,
    "F444W_max_lensed_source_signal_to_noise_ratio": 4.101968366727126,
    "F277W_lens_magnitude_ab": 19.85080883181115,
    "F277W_lensed_source_magnitude_ab": 23.33959936748457,
    "F277W_source_magnitude_ab": 24.128903496384797,
    "F277W_magnification": 4.8787301397848335,
    "F277W_max_lensed_source_signal_to_noise_ratio": 6.88256072578612,
    "F150W_lens_magnitude_ab": 21.68178892756031,
    "F150W_lensed_source_magnitude_ab": 23.267661667831675,
    "F150W_source_magnitude_ab": 24.61709382942953,
    "F150W_magnification": 4.064866848324777,
    "F150W_max_lensed_source_signal_to_noise_ratio": 3.8357919564291123,
    "F115W_lens_magnitude_ab": 21.738860650710443,
    "F115W_lensed_source_magnitude_ab": 23.343619424683936,
    "F115W_source_magnitude_ab": 24.610149197810138,
    "F115W_magnification": 3.8181455852920387,
    "F115W_max_lensed_source_signal_to_noise_ratio": 4.021557513317553
}