{
    "einstein_radius": 0.2899955037161974,
    "F277W_lens_magnitude_ab": 17.56536945424224,
    "F277W_lensed_source_magnitude_ab": 21.51546650800138,
    "F277W_source_magnitude_ab": 20.925574571177997,
    "F277W_magnification": 3.000569602891102,
    "F277W_max_lensed_source_signal_to_noise_ratio": 39.40738949641841,
    "F444W_lens_magnitude_ab": 18.13520473667349,
    "F444W_lensed_source_magnitude_ab": 22.334683441563673,
    "F444W_source_magnitude_ab": 21.44202012093372,
    "F444W_magnification": 3.445155319676932,
    "F444W_max_lensed_source_signal_to_noise_ratio": 28.358143330544664,
    "F150W_lens_magnitude_ab": 19.28943808192091,
    "F150W_lensed_source_magnitude_ab": 21.47699592845601,
    "F150W_source_magnitude_ab": 21.23426167385541,
    "F150W_magnification": 2.6971913007806654,
    "F150W_max_lensed_source_signal_to_noise_ratio": 32.89250046559764,
    "F115W_lens_magnitude_ab": 19.475546416518384,
    "F115W_lensed_source_magnitude_ab": 21.48446483170075,
    "F115W_source_magnitude_ab": 21.887734004233675,
    "F115W_magnification": 2.5178347738463067,
    "F115W_max_lensed_source_signal_to_noise_ratio": 28.372428003248874
}