{
    "einstein_radius": 0.5913422288487202,
    "F444W_lens_magnitude_ab": 19.88226291900948,
    "F444W_lensed_source_magnitude_ab": 23.09365026798754,
    "F444W_source_magnitude_ab": 22.74599445045588,
    "F444W_magnification": 2.5135207897301433,
    "F444W_max_lensed_source_signal_to_noise_ratio": 11.336421288582933,
    "F277W_lens_magnitude_ab": 19.99609934191934,
    "F277W_lensed_source_magnitude_ab": 23.258372942245238,
    "F277W_source_magnitude_ab": 23.37000708509341,
    "F277W_magnification": 2.608098755339804,
    "F277W_max_lensed_source_signal_to_noise_ratio": 13.8292129556445,
    "F150W_lens_magnitude_ab": 21.776463438274423,
    "F150W_lensed_source_magnitude_ab": 23.6116272364472,
    "F150W_source_magnitude_ab": 24.720952890246462,
    "F150W_magnification": 3.5157032496606355,
    "F150W_max_lensed_source_signal_to_noise_ratio": 5.505272796087963,
    "F115W_lens_magnitude_ab": 21.889452519860026,
    "F115W_lensed_source_magnitude_ab": 23.96560673306039,
    "F115W_source_magnitude_ab": 25.003166209809812,
    "F115W_magnification": 1.3332745706965596,
    "F115W_max_lensed_source_signal_to_noise_ratio": 4.383736813824912
}