{
    "einstein_radius": 0.48246728840690084,
    "F277W_lens_magnitude_ab": 20.074512312001662,
    "F277W_lensed_source_magnitude_ab": 24.179584262975045,
    "F277W_source_magnitude_ab": 23.42908027907808,
    "F277W_magnification": 3.8915347363530786,
    "F277W_max_lensed_source_signal_to_noise_ratio": 7.423595714729981,
    "F444W_lens_magnitude_ab": 19.751767596150476,
    "F444W_lensed_source_magnitude_ab": 23.956632989980868,
    "F444W_source_magnitude_ab": 23.823142146748783,
    "F444W_magnification": 2.916611784400361,
    "F444W_max_lensed_source_signal_to_noise_ratio": 6.440810372849787,
    "F150W_lens_magnitude_ab": 22.141348059754762,
    "F150W_lensed_source_magnitude_ab": 24.2742718332008,
    "F150W_source_magnitude_ab": 25.192508201469778,
    "F150W_magnification": 2.3284516860060154,
    "F150W_max_lensed_source_signal_to_noise_ratio": 5.146413353918851,
    "F115W_lens_magnitude_ab": 22.548559651165174,
    "F115W_lensed_source_magnitude_ab": 24.233985873908843,
    "F115W_source_magnitude_ab": 26.16752339501254,
    "F115W_magnification": 2.852855628003199,
    "F115W_max_lensed_source_signal_to_noise_ratio": 3.239552208887029
}