{
    "einstein_radius": 1.3310155517516986,
    "F277W_lens_magnitude_ab": 17.422026959113833,
    "F277W_lensed_source_magnitude_ab": 22.82907983958028,
    "F277W_source_magnitude_ab": 23.478510089755922,
    "F277W_magnification": 3.710598477006232,
    "F277W_max_lensed_source_signal_to_noise_ratio": 14.434461715285824,
    "F444W_lens_magnitude_ab": 17.914954995612646,
    "F444W_lensed_source_magnitude_ab": 22.869065417667116,
    "F444W_source_magnitude_ab": 23.304572478860912,
    "F444W_magnification": 3.3285645440427394,
    "F444W_max_lensed_source_signal_to_noise_ratio": 11.20130487239402,
    "F150W_lens_magnitude_ab": 18.838200418520998,
    "F150W_lensed_source_magnitude_ab": 22.36606091233819,
    "F150W_source_magnitude_ab": 24.051072255346803,
    "F150W_magnification": 4.660452256538435,
    "F150W_max_lensed_source_signal_to_noise_ratio": 10.298662068215052,
    "F115W_lens_magnitude_ab": 19.015346560033002,
    "F115W_lensed_source_magnitude_ab": 23.187704133956295,
    "F115W_source_magnitude_ab": 24.481382299932186,
    "F115W_magnification": 3.8644585574438417,
    "F115W_max_lensed_source_signal_to_noise_ratio": 5.979547311371827
}