{
    "einstein_radius": 0.3742315781115172,
    "F444W_lens_magnitude_ab": 19.430778815145977,
    "F444W_lensed_source_magnitude_ab": 22.47176509431764,
    "F444W_source_magnitude_ab": 22.249477419870416,
    "F444W_magnification": 2.521988281262932,
    "F444W_max_lensed_source_signal_to_noise_ratio": 32.332529597722186,
    "F277W_lens_magnitude_ab": 19.658624748496756,
    "F277W_lensed_source_magnitude_ab": 22.919770181839226,
    "F277W_source_magnitude_ab": 22.65698550353783,
    "F277W_magnification": 2.6147073046527707,
    "F277W_max_lensed_source_signal_to_noise_ratio": 24.571123742585716,
    "F150W_lens_magnitude_ab": 21.70654266124088,
    "F150W_lensed_source_magnitude_ab": 23.258343064025762,
    "F150W_source_magnitude_ab": 23.477463992077233,
    "F150W_magnification": 2.245277487037902,
    "F150W_max_lensed_source_signal_to_noise_ratio": 5.839795171309401,
    "F115W_lens_magnitude_ab": 21.90606420790822,
    "F115W_lensed_source_magnitude_ab": 23.646019566024698,
    "F115W_source_magnitude_ab": 25.460513775345007,
    "F115W_magnification": 1.7943294249094646,
    "F115W_max_lensed_source_signal_to_noise_ratio": 2.326868870846554
}