{
    "einstein_radius": 0.5302296862823033,
    "F277W_lens_magnitude_ab": 18.088885770643948,
    "F277W_lensed_source_magnitude_ab": 22.989367146244707,
    "F277W_source_magnitude_ab": 23.621535997338302,
    "F277W_magnification": 4.12802852616896,
    "F277W_max_lensed_source_signal_to_noise_ratio": 3.539482257114516,
    "F444W_lens_magnitude_ab": 17.661078591066442,
    "F444W_lensed_source_magnitude_ab": 22.575933206449953,
    "F444W_source_magnitude_ab": 23.04590196978514,
    "F444W_magnification": 4.8341788986945895,
    "F444W_max_lensed_source_signal_to_noise_ratio": 4.877377283931375,
    "F150W_lens_magnitude_ab": 20.78783389752251,
    "F150W_lensed_source_magnitude_ab": 23.545752911105758,
    "F150W_source_magnitude_ab": 25.992076696442552,
    "F150W_magnification": 3.268962718243075,
    "F150W_max_lensed_source_signal_to_noise_ratio": 1.543920062871275,
    "F115W_lens_magnitude_ab": 21.430203521600426,
    "F115W_lensed_source_magnitude_ab": Infinity,
    "F115W_source_magnitude_ab": Infinity,
    "F115W_magnification": NaN,
    "F115W_max_lensed_source_signal_to_noise_ratio": 0.0
}