{
    "einstein_radius": 0.7738049710827016,
    "F444W_lens_magnitude_ab": 16.840752977941463,
    "F444W_lensed_source_magnitude_ab": 21.759853449019026,
    "F444W_source_magnitude_ab": 22.430234292637607,
    "F444W_magnification": 1.9868487237528676,
    "F444W_max_lensed_source_signal_to_noise_ratio": 12.261718306895334,
    "F277W_lens_magnitude_ab": 16.17039857807974,
    "F277W_lensed_source_magnitude_ab": 22.25173209388512,
    "F277W_source_magnitude_ab": 23.450001580059794,
    "F277W_magnification": 2.080469345051387,
    "F277W_max_lensed_source_signal_to_noise_ratio": 4.82322218994662,
    "F150W_lens_magnitude_ab": 17.846264558083803,
    "F150W_lensed_source_magnitude_ab": 21.719518052140987,
    "F150W_source_magnitude_ab": 25.119559697303934,
    "F150W_magnification": 1.9360395608541046,
    "F150W_max_lensed_source_signal_to_noise_ratio": 1.083845260870987,
    "F115W_lens_magnitude_ab": 18.206553739011625,
    "F115W_lensed_source_magnitude_ab": 22.11394811323872,
    "F115W_source_magnitude_ab": 25.54976824256941,
    "F115W_magnification": 1.8478920132958427,
    "F115W_max_lensed_source_signal_to_noise_ratio": 0.9448915865274664
}