{
    "einstein_radius": 0.43542375705192604,
    "F150W_lens_magnitude_ab": 21.536416862688434,
    "F150W_lensed_source_magnitude_ab": 23.4471740553002,
    "F150W_source_magnitude_ab": 24.306613339561874,
    "F150W_magnification": 1.6095714789554794,
    "F150W_max_lensed_source_signal_to_noise_ratio": 8.020233202474987,
    "F277W_lens_magnitude_ab": 19.354744637179955,
    "F277W_lensed_source_magnitude_ab": 23.674111168489993,
    "F277W_source_magnitude_ab": 24.366336920130486,
    "F277W_magnification": 1.8722256675580515,
    "F277W_max_lensed_source_signal_to_noise_ratio": 9.951355750644039,
    "F444W_lens_magnitude_ab": 19.446312844197436,
    "F444W_lensed_source_magnitude_ab": 23.849263718970594,
    "F444W_source_magnitude_ab": 24.059535619163846,
    "F444W_magnification": 2.076854281124377,
    "F444W_max_lensed_source_signal_to_noise_ratio": 9.482192209610293,
    "F115W_lens_magnitude_ab": 21.708830926205508,
    "F115W_lensed_source_magnitude_ab": 23.742353447028734,
    "F115W_source_magnitude_ab": 24.496644857794998,
    "F115W_magnification": 1.6617832926362712,
    "F115W_max_lensed_source_signal_to_noise_ratio": 5.71995584099978
}