{
    "einstein_radius": 0.888394634993806,
    "F277W_lens_magnitude_ab": 17.004293329068027,
    "F277W_lensed_source_magnitude_ab": 20.797885883639303,
    "F277W_source_magnitude_ab": 22.174098627448622,
    "F277W_magnification": 3.172752419438592,
    "F277W_max_lensed_source_signal_to_noise_ratio": 6.412260855079826,
    "F444W_lens_magnitude_ab": 17.591764328130274,
    "F444W_lensed_source_magnitude_ab": 22.120549354661904,
    "F444W_source_magnitude_ab": 23.774123496803075,
    "F444W_magnification": 3.0214377152473593,
    "F444W_max_lensed_source_signal_to_noise_ratio": 3.6234628036502907,
    "F150W_lens_magnitude_ab": 18.641076822576693,
    "F150W_lensed_source_magnitude_ab": 21.14707717437541,
    "F150W_source_magnitude_ab": 23.988649214230353,
    "F150W_magnification": 3.1700152573876825,
    "F150W_max_lensed_source_signal_to_noise_ratio": 3.9506599602618766,
    "F115W_lens_magnitude_ab": 18.999037209135572,
    "F115W_lensed_source_magnitude_ab": 21.426358608991542,
    "F115W_source_magnitude_ab": 24.2802555840559,
    "F115W_magnification": 3.20096685870004,
    "F115W_max_lensed_source_signal_to_noise_ratio": 2.7936114786498276
}