{
    "einstein_radius": 0.32200182799033517,
    "F115W_lens_magnitude_ab": 20.335227156291687,
    "F115W_lensed_source_magnitude_ab": 23.543145180896147,
    "F115W_source_magnitude_ab": 24.96043348606622,
    "F115W_magnification": 1.508977367135828,
    "F115W_max_lensed_source_signal_to_noise_ratio": 2.772203490375221,
    "F277W_lens_magnitude_ab": 17.391313081008867,
    "F277W_lensed_source_magnitude_ab": 23.998587375345636,
    "F277W_source_magnitude_ab": 23.972180338252002,
    "F277W_magnification": 1.9349405282566319,
    "F277W_max_lensed_source_signal_to_noise_ratio": 5.5905584256490535,
    "F444W_lens_magnitude_ab": 17.656892992371645,
    "F444W_lensed_source_magnitude_ab": 24.21542519595538,
    "F444W_source_magnitude_ab": 24.242585125790796,
    "F444W_magnification": 1.7483977296292905,
    "F444W_max_lensed_source_signal_to_noise_ratio": 5.047085002015225,
    "F150W_lens_magnitude_ab": 19.86248186708329,
    "F150W_lensed_source_magnitude_ab": 23.2873052009645,
    "F150W_source_magnitude_ab": 24.80723916030923,
    "F150W_magnification": 1.4613399390242465,
    "F150W_max_lensed_source_signal_to_noise_ratio": 3.8969735520833577
}