{
    "einstein_radius": 0.4529115732314786,
    "F150W_lens_magnitude_ab": 21.003356307055643,
    "F150W_lensed_source_magnitude_ab": 20.649482325863623,
    "F150W_source_magnitude_ab": 20.41313545596241,
    "F150W_magnification": 3.1590692447699458,
    "F150W_max_lensed_source_signal_to_noise_ratio": 27.389417994785664,
    "F277W_lens_magnitude_ab": 18.269907599057568,
    "F277W_lensed_source_magnitude_ab": 20.062654245176084,
    "F277W_source_magnitude_ab": 18.559710496295445,
    "F277W_magnification": 3.685529678659316,
    "F277W_max_lensed_source_signal_to_noise_ratio": 58.428639919550044,
    "F444W_lens_magnitude_ab": 18.189769902201736,
    "F444W_lensed_source_magnitude_ab": 20.029491513866176,
    "F444W_source_magnitude_ab": 18.054049549238755,
    "F444W_magnification": 3.8226004024022404,
    "F444W_max_lensed_source_signal_to_noise_ratio": 64.41116336462422,
    "F115W_lens_magnitude_ab": 21.288818954673964,
    "F115W_lensed_source_magnitude_ab": 21.129794926347078,
    "F115W_source_magnitude_ab": 21.540718148279584,
    "F115W_magnification": 3.044219200176752,
    "F115W_max_lensed_source_signal_to_noise_ratio": 17.938478333679296
}