{
    "einstein_radius": 0.23000305795709894,
    "F150W_lens_magnitude_ab": 19.631690061529667,
    "F150W_lensed_source_magnitude_ab": 20.882311095497236,
    "F150W_source_magnitude_ab": 21.612178433263963,
    "F150W_magnification": 2.1257022900683946,
    "F150W_max_lensed_source_signal_to_noise_ratio": 18.253731051077484,
    "F277W_lens_magnitude_ab": 17.934188263142747,
    "F277W_lensed_source_magnitude_ab": 20.950882455438684,
    "F277W_source_magnitude_ab": 20.358982159290704,
    "F277W_magnification": 2.312915012298647,
    "F277W_max_lensed_source_signal_to_noise_ratio": 31.026151674532606,
    "F444W_lens_magnitude_ab": 18.264573982553145,
    "F444W_lensed_source_magnitude_ab": 21.215087583860686,
    "F444W_source_magnitude_ab": 20.973123146229614,
    "F444W_magnification": 2.3673589844984484,
    "F444W_max_lensed_source_signal_to_noise_ratio": 24.325242827094897,
    "F115W_lens_magnitude_ab": 19.828883232379823,
    "F115W_lensed_source_magnitude_ab": 20.956748413776403,
    "F115W_source_magnitude_ab": 21.51234715878211,
    "F115W_magnification": 2.170185203559649,
    "F115W_max_lensed_source_signal_to_noise_ratio": 16.34006964415566
}