{
    "einstein_radius": 0.30830259063452053,
    "F277W_lens_magnitude_ab": 19.66780491998866,
    "F277W_lensed_source_magnitude_ab": 22.693630258235714,
    "F277W_source_magnitude_ab": 22.87251874721992,
    "F277W_magnification": 2.65823947902917,
    "F277W_max_lensed_source_signal_to_noise_ratio": 18.451758782239864,
    "F444W_lens_magnitude_ab": 19.896289946355978,
    "F444W_lensed_source_magnitude_ab": 23.030870248597108,
    "F444W_source_magnitude_ab": 23.188405780548763,
    "F444W_magnification": 2.727272491208301,
    "F444W_max_lensed_source_signal_to_noise_ratio": 13.442390793861719,
    "F150W_lens_magnitude_ab": 21.85840537981851,
    "F150W_lensed_source_magnitude_ab": 23.309011139491822,
    "F150W_source_magnitude_ab": 24.23048008433707,
    "F150W_magnification": 1.7786349461463808,
    "F150W_max_lensed_source_signal_to_noise_ratio": 5.314572501561917,
    "F115W_lens_magnitude_ab": 22.45169076885669,
    "F115W_lensed_source_magnitude_ab": 23.630283874348244,
    "F115W_source_magnitude_ab": 24.51374360098348,
    "F115W_magnification": 2.037016680639358,
    "F115W_max_lensed_source_signal_to_noise_ratio": 3.988570455895084
}