{
    "einstein_radius": 0.39645823436615046,
    "F277W_lens_magnitude_ab": 19.54832314280003,
    "F277W_lensed_source_magnitude_ab": 22.30863722415702,
    "F277W_source_magnitude_ab": 22.285916787353813,
    "F277W_magnification": 3.868349626470747,
    "F277W_max_lensed_source_signal_to_noise_ratio": 23.759065667588803,
    "F444W_lens_magnitude_ab": 19.664171833935804,
    "F444W_lensed_source_magnitude_ab": 22.2729836719431,
    "F444W_source_magnitude_ab": 22.256152318464608,
    "F444W_magnification": 3.9495489877833694,
    "F444W_max_lensed_source_signal_to_noise_ratio": 23.211954221605808,
    "F150W_lens_magnitude_ab": 21.378083404766663,
    "F150W_lensed_source_magnitude_ab": 22.267438098767684,
    "F150W_source_magnitude_ab": 22.93676117968839,
    "F150W_magnification": 3.2636418745772713,
    "F150W_max_lensed_source_signal_to_noise_ratio": 16.20635749545905,
    "F115W_lens_magnitude_ab": 21.58725169012441,
    "F115W_lensed_source_magnitude_ab": 22.615651095292908,
    "F115W_source_magnitude_ab": 23.023237744111782,
    "F115W_magnification": 3.5832102945398865,
    "F115W_max_lensed_source_signal_to_noise_ratio": 11.483301305766767
}