{
    "einstein_radius": 0.2307583143077808,
    "F150W_lens_magnitude_ab": 21.661642089772435,
    "F150W_lensed_source_magnitude_ab": 23.20719640266651,
    "F150W_source_magnitude_ab": 24.266509205743812,
    "F150W_magnification": 2.9692655821288065,
    "F150W_max_lensed_source_signal_to_noise_ratio": 4.7925218591093754,
    "F277W_lens_magnitude_ab": 19.740906105442978,
    "F277W_lensed_source_magnitude_ab": 22.775760499811206,
    "F277W_source_magnitude_ab": 22.34402293618129,
    "F277W_magnification": 4.478641757923571,
    "F277W_max_lensed_source_signal_to_noise_ratio": 13.714863237301024,
    "F444W_lens_magnitude_ab": 20.380607850929078,
    "F444W_lensed_source_magnitude_ab": 23.349134487177007,
    "F444W_source_magnitude_ab": 22.886980008318442,
    "F444W_magnification": 4.240497677115906,
    "F444W_max_lensed_source_signal_to_noise_ratio": 7.835638519738193,
    "F115W_lens_magnitude_ab": 21.78069143953611,
    "F115W_lensed_source_magnitude_ab": 23.40355879434308,
    "F115W_source_magnitude_ab": 24.055596110938364,
    "F115W_magnification": 2.4321170529710296,
    "F115W_max_lensed_source_signal_to_noise_ratio": 3.6162059650396428
}