{
    "einstein_radius": 0.08860615851958879,
    "F150W_lens_magnitude_ab": 21.004411035396597,
    "F150W_lensed_source_magnitude_ab": 22.5161803903354,
    "F150W_source_magnitude_ab": 22.621546488653138,
    "F150W_magnification": 1.16157823478658,
    "F150W_max_lensed_source_signal_to_noise_ratio": 21.477370674706428,
    "F277W_lens_magnitude_ab": 18.72668157630729,
    "F277W_lensed_source_magnitude_ab": 22.258456919161187,
    "F277W_source_magnitude_ab": 22.318653731031336,
    "F277W_magnification": 1.2032477869625837,
    "F277W_max_lensed_source_signal_to_noise_ratio": 45.12400264912668,
    "F444W_lens_magnitude_ab": 18.407307648686178,
    "F444W_lensed_source_magnitude_ab": 22.31784946836231,
    "F444W_source_magnitude_ab": 22.246601471032903,
    "F444W_magnification": 1.1982982082886098,
    "F444W_max_lensed_source_signal_to_noise_ratio": 31.68081426936091,
    "F115W_lens_magnitude_ab": 21.743869536173356,
    "F115W_lensed_source_magnitude_ab": 22.595933832010388,
    "F115W_source_magnitude_ab": 22.564143850658247,
    "F115W_magnification": 1.0902084447475762,
    "F115W_max_lensed_source_signal_to_noise_ratio": 15.98518281075368
}