{
    "einstein_radius": 0.43202608364949946,
    "F150W_lens_magnitude_ab": 22.009227665632586,
    "F150W_lensed_source_magnitude_ab": 23.93363703590789,
    "F150W_source_magnitude_ab": 25.079312704458413,
    "F150W_magnification": 1.7154589415158352,
    "F150W_max_lensed_source_signal_to_noise_ratio": 4.513581913766018,
    "F277W_lens_magnitude_ab": 20.226779770286516,
    "F277W_lensed_source_magnitude_ab": 23.892159363930883,
    "F277W_source_magnitude_ab": 24.188813851890284,
    "F277W_magnification": 2.1799330069814453,
    "F277W_max_lensed_source_signal_to_noise_ratio": 5.958660403240013,
    "F444W_lens_magnitude_ab": 20.5198051458646,
    "F444W_lensed_source_magnitude_ab": 24.054841965316776,
    "F444W_source_magnitude_ab": 24.346799941926246,
    "F444W_magnification": 2.273880419951945,
    "F444W_max_lensed_source_signal_to_noise_ratio": 4.557383976650252,
    "F115W_lens_magnitude_ab": 22.17798026040684,
    "F115W_lensed_source_magnitude_ab": 24.34808908012497,
    "F115W_source_magnitude_ab": 25.71760925377932,
    "F115W_magnification": 1.894748235624677,
    "F115W_max_lensed_source_signal_to_noise_ratio": 3.0906021066141456
}