{
    "einstein_radius": 0.438577037472295,
    "F150W_lens_magnitude_ab": 20.29235800100847,
    "F150W_lensed_source_magnitude_ab": 21.139152992413106,
    "F150W_source_magnitude_ab": 22.314503655754446,
    "F150W_magnification": 3.4860717745967764,
    "F150W_max_lensed_source_signal_to_noise_ratio": 10.504974027308178,
    "F277W_lens_magnitude_ab": 18.11422544765697,
    "F277W_lensed_source_magnitude_ab": 20.86017682630185,
    "F277W_source_magnitude_ab": 20.455539178276847,
    "F277W_magnification": 4.1834215211664745,
    "F277W_max_lensed_source_signal_to_noise_ratio": 26.484801787256902,
    "F444W_lens_magnitude_ab": 18.50487836364917,
    "F444W_lensed_source_magnitude_ab": 21.61663893695559,
    "F444W_source_magnitude_ab": 21.698890362707928,
    "F444W_magnification": 4.646007248541118,
    "F444W_max_lensed_source_signal_to_noise_ratio": 18.457177297174663,
    "F115W_lens_magnitude_ab": 20.655983462661315,
    "F115W_lensed_source_magnitude_ab": 21.407948197919158,
    "F115W_source_magnitude_ab": 22.357398831538347,
    "F115W_magnification": 3.727012176022308,
    "F115W_max_lensed_source_signal_to_noise_ratio": 7.696412724931595
}