{
    "einstein_radius": 0.45742790881777373,
    "F277W_lens_magnitude_ab": 19.167125713474427,
    "F277W_lensed_source_magnitude_ab": 22.90481356842098,
    "F277W_source_magnitude_ab": 22.88497996789596,
    "F277W_magnification": 2.4067661687524144,
    "F277W_max_lensed_source_signal_to_noise_ratio": 12.946474835752628,
    "F444W_lens_magnitude_ab": 19.467706145629723,
    "F444W_lensed_source_magnitude_ab": 23.489500275423197,
    "F444W_source_magnitude_ab": 23.884635345541817,
    "F444W_magnification": 2.719466776694746,
    "F444W_max_lensed_source_signal_to_noise_ratio": 7.710072698545128,
    "F150W_lens_magnitude_ab": 20.965619988290435,
    "F150W_lensed_source_magnitude_ab": 22.61812060480829,
    "F150W_source_magnitude_ab": 23.323298800731415,
    "F150W_magnification": 2.1323426350905024,
    "F150W_max_lensed_source_signal_to_noise_ratio": 10.022957133766694,
    "F115W_lens_magnitude_ab": 21.153451571147002,
    "F115W_lensed_source_magnitude_ab": 22.599045318427454,
    "F115W_source_magnitude_ab": 23.79101482775875,
    "F115W_magnification": 2.0871480089014836,
    "F115W_max_lensed_source_signal_to_noise_ratio": 8.677609155044923
}