{
    "einstein_radius": 0.5508406810597719,
    "F150W_lens_magnitude_ab": 19.73549082365114,
    "F150W_lensed_source_magnitude_ab": 21.476731104773535,
    "F150W_source_magnitude_ab": 23.35423815777985,
    "F150W_magnification": 2.8246567610744022,
    "F150W_max_lensed_source_signal_to_noise_ratio": 8.108849526894513,
    "F277W_lens_magnitude_ab": 18.034498070563565,
    "F277W_lensed_source_magnitude_ab": 21.903681230883016,
    "F277W_source_magnitude_ab": 22.812775009099855,
    "F277W_magnification": 2.701945058058673,
    "F277W_max_lensed_source_signal_to_noise_ratio": 11.526314839351928,
    "F444W_lens_magnitude_ab": 18.643065126180353,
    "F444W_lensed_source_magnitude_ab": 21.963762729292192,
    "F444W_source_magnitude_ab": 23.03575227305684,
    "F444W_magnification": 2.5811210094745833,
    "F444W_max_lensed_source_signal_to_noise_ratio": 10.96397891607417,
    "F115W_lens_magnitude_ab": 20.022236172430276,
    "F115W_lensed_source_magnitude_ab": 21.6179129948574,
    "F115W_source_magnitude_ab": 24.060046588807676,
    "F115W_magnification": 2.7035831985990013,
    "F115W_max_lensed_source_signal_to_noise_ratio": 5.445347442369588
}