{
    "einstein_radius": 0.5484840981322272,
    "F444W_lens_magnitude_ab": 18.265305798278355,
    "F444W_lensed_source_magnitude_ab": 21.43360002858676,
    "F444W_source_magnitude_ab": 21.41231212996133,
    "F444W_magnification": 2.50069555587131,
    "F444W_max_lensed_source_signal_to_noise_ratio": 27.325833945021458,
    "F277W_lens_magnitude_ab": 18.455697047283397,
    "F277W_lensed_source_magnitude_ab": 21.338897991191903,
    "F277W_source_magnitude_ab": 21.658920750772356,
    "F277W_magnification": 3.0519775371269433,
    "F277W_max_lensed_source_signal_to_noise_ratio": 31.542439679668338,
    "F150W_lens_magnitude_ab": 21.07976124653723,
    "F150W_lensed_source_magnitude_ab": 21.701532236736604,
    "F150W_source_magnitude_ab": 22.60067228713924,
    "F150W_magnification": 2.481867395260337,
    "F150W_max_lensed_source_signal_to_noise_ratio": 19.24533213803936,
    "F115W_lens_magnitude_ab": 22.065134336730438,
    "F115W_lensed_source_magnitude_ab": 21.99280371230109,
    "F115W_source_magnitude_ab": 23.219835678167858,
    "F115W_magnification": 2.5538055105318507,
    "F115W_max_lensed_source_signal_to_noise_ratio": 15.62116946242076
}