{
    "einstein_radius": 0.5972227441596166,
    "F444W_lens_magnitude_ab": 15.654542127565145,
    "F444W_lensed_source_magnitude_ab": 20.069335301256068,
    "F444W_source_magnitude_ab": 20.502968971270803,
    "F444W_magnification": 2.2642107532925033,
    "F444W_max_lensed_source_signal_to_noise_ratio": 17.78939741571478,
    "F277W_lens_magnitude_ab": 14.924088131619838,
    "F277W_lensed_source_magnitude_ab": 20.24554131113746,
    "F277W_source_magnitude_ab": 20.68153960433869,
    "F277W_magnification": 2.2705257108935566,
    "F277W_max_lensed_source_signal_to_noise_ratio": 12.43116938609484,
    "F150W_lens_magnitude_ab": 16.743279687703172,
    "F150W_lensed_source_magnitude_ab": 20.501480129069066,
    "F150W_source_magnitude_ab": 23.266484832661984,
    "F150W_magnification": 1.8683340247210727,
    "F150W_max_lensed_source_signal_to_noise_ratio": 3.237151425306161,
    "F115W_lens_magnitude_ab": 17.18353432113335,
    "F115W_lensed_source_magnitude_ab": 20.15311673878088,
    "F115W_source_magnitude_ab": 22.981104404860574,
    "F115W_magnification": 1.7158084720470792,
    "F115W_max_lensed_source_signal_to_noise_ratio": 2.2324137106095647
}