{
    "einstein_radius": 0.6519152894687952,
    "F444W_lens_magnitude_ab": 19.496796662873848,
    "F444W_lensed_source_magnitude_ab": 24.36493212828631,
    "F444W_source_magnitude_ab": 24.33441617710393,
    "F444W_magnification": 2.2906834863664884,
    "F444W_max_lensed_source_signal_to_noise_ratio": 4.198899372754964,
    "F277W_lens_magnitude_ab": 18.92515733418467,
    "F277W_lensed_source_magnitude_ab": 25.037784649858715,
    "F277W_source_magnitude_ab": 24.796415152380384,
    "F277W_magnification": 2.946033567012508,
    "F277W_max_lensed_source_signal_to_noise_ratio": 3.8915064974097917,
    "F150W_lens_magnitude_ab": 20.259027165529524,
    "F150W_lensed_source_magnitude_ab": 23.00970489495832,
    "F150W_source_magnitude_ab": 24.70391719916224,
    "F150W_magnification": 2.7148436467509973,
    "F150W_max_lensed_source_signal_to_noise_ratio": 5.676485538098315,
    "F115W_lens_magnitude_ab": 20.393442293890836,
    "F115W_lensed_source_magnitude_ab": 23.213426174361494,
    "F115W_source_magnitude_ab": 25.20361221431164,
    "F115W_magnification": 3.14597664727249,
    "F115W_max_lensed_source_signal_to_noise_ratio": 4.194761335866562
}