{
    "einstein_radius": 0.37437207762547703,
    "F150W_lens_magnitude_ab": 18.192763722239576,
    "F150W_lensed_source_magnitude_ab": 20.812818177264447,
    "F150W_source_magnitude_ab": 21.617000429454258,
    "F150W_magnification": 1.9125274421739367,
    "F150W_max_lensed_source_signal_to_noise_ratio": 25.20313087432608,
    "F277W_lens_magnitude_ab": 16.589048403023444,
    "F277W_lensed_source_magnitude_ab": 20.997253614516644,
    "F277W_source_magnitude_ab": 20.57200593326513,
    "F277W_magnification": 1.8660691888391443,
    "F277W_max_lensed_source_signal_to_noise_ratio": 29.525537399166055,
    "F444W_lens_magnitude_ab": 17.366657201851297,
    "F444W_lensed_source_magnitude_ab": 22.29591406409058,
    "F444W_source_magnitude_ab": 23.08447398058736,
    "F444W_magnification": 1.8560880987126687,
    "F444W_max_lensed_source_signal_to_noise_ratio": 14.866796841775114,
    "F115W_lens_magnitude_ab": 18.57138740025829,
    "F115W_lensed_source_magnitude_ab": 21.144474421152815,
    "F115W_source_magnitude_ab": 22.122786992169466,
    "F115W_magnification": 1.8316503117480731,
    "F115W_max_lensed_source_signal_to_noise_ratio": 19.411554186700855
}