{
    "einstein_radius": 0.4687570907007493,
    "F277W_lens_magnitude_ab": 19.819628446523254,
    "F277W_lensed_source_magnitude_ab": 23.28970319870124,
    "F277W_source_magnitude_ab": 23.487463443241495,
    "F277W_magnification": 3.1011120141384367,
    "F277W_max_lensed_source_signal_to_noise_ratio": 7.207206681807815,
    "F444W_lens_magnitude_ab": 19.960378456613185,
    "F444W_lensed_source_magnitude_ab": 23.588454747298385,
    "F444W_source_magnitude_ab": 23.68087745828893,
    "F444W_magnification": 3.1265974705401978,
    "F444W_max_lensed_source_signal_to_noise_ratio": 5.233748849937431,
    "F150W_lens_magnitude_ab": 21.90018122586938,
    "F150W_lensed_source_magnitude_ab": 23.193199408098156,
    "F150W_source_magnitude_ab": 24.932395596000035,
    "F150W_magnification": 2.900881843333718,
    "F150W_max_lensed_source_signal_to_noise_ratio": 2.4572587891002096,
    "F115W_lens_magnitude_ab": 22.13152740794451,
    "F115W_lensed_source_magnitude_ab": 23.724375947981333,
    "F115W_source_magnitude_ab": 25.288229714572253,
    "F115W_magnification": 2.323447756881248,
    "F115W_max_lensed_source_signal_to_noise_ratio": 1.1704016550226515
}