{
    "einstein_radius": 0.606787224595067,
    "F277W_lens_magnitude_ab": 17.628428008051504,
    "F277W_lensed_source_magnitude_ab": 21.905660977519616,
    "F277W_source_magnitude_ab": 22.684017463294424,
    "F277W_magnification": 3.0785893722674116,
    "F277W_max_lensed_source_signal_to_noise_ratio": 18.289074473234315,
    "F444W_lens_magnitude_ab": 18.076878118612,
    "F444W_lensed_source_magnitude_ab": 22.365542118098674,
    "F444W_source_magnitude_ab": 22.891556927661686,
    "F444W_magnification": 3.1915340967343018,
    "F444W_max_lensed_source_signal_to_noise_ratio": 11.289813778446305,
    "F150W_lens_magnitude_ab": 20.149435877532248,
    "F150W_lensed_source_magnitude_ab": 22.03245883235961,
    "F150W_source_magnitude_ab": 23.155179424555552,
    "F150W_magnification": 3.1176652421505273,
    "F150W_max_lensed_source_signal_to_noise_ratio": 7.717824242510642,
    "F115W_lens_magnitude_ab": 20.690811131213014,
    "F115W_lensed_source_magnitude_ab": 22.221770298244415,
    "F115W_source_magnitude_ab": 23.25958380150871,
    "F115W_magnification": 3.052039250343575,
    "F115W_max_lensed_source_signal_to_noise_ratio": 8.137818291547564
}