{
    "einstein_radius": 0.23461137171256968,
    "F150W_lens_magnitude_ab": 22.89136793064962,
    "F150W_lensed_source_magnitude_ab": 24.766345969851436,
    "F150W_source_magnitude_ab": 24.46155410322062,
    "F150W_magnification": 1.6241866977442834,
    "F150W_max_lensed_source_signal_to_noise_ratio": 12.477408971419933,
    "F277W_lens_magnitude_ab": 20.310133096565202,
    "F277W_lensed_source_magnitude_ab": Infinity,
    "F277W_source_magnitude_ab": Infinity,
    "F277W_magnification": NaN,
    "F277W_max_lensed_source_signal_to_noise_ratio": 0.0,
    "F444W_lens_magnitude_ab": 20.295515877001723,
    "F444W_lensed_source_magnitude_ab": 24.72494504005851,
    "F444W_source_magnitude_ab": 24.645116475202318,
    "F444W_magnification": 1.8244818159920948,
    "F444W_max_lensed_source_signal_to_noise_ratio": 4.979534439304303,
    "F115W_lens_magnitude_ab": 23.61188056118944,
    "F115W_lensed_source_magnitude_ab": Infinity,
    "F115W_source_magnitude_ab": Infinity,
    "F115W_magnification": NaN,
    "F115W_max_lensed_source_signal_to_noise_ratio": 0.0
}