{
    "einstein_radius": 0.39544176728235764,
    "F150W_lens_magnitude_ab": 21.20336566794004,
    "F150W_lensed_source_magnitude_ab": Infinity,
    "F150W_source_magnitude_ab": Infinity,
    "F150W_magnification": NaN,
    "F150W_max_lensed_source_signal_to_noise_ratio": 0.0,
    "F277W_lens_magnitude_ab": 18.777326528197747,
    "F277W_lensed_source_magnitude_ab": 24.85934583145943,
    "F277W_source_magnitude_ab": 25.173654270670998,
    "F277W_magnification": 2.4775258891236596,
    "F277W_max_lensed_source_signal_to_noise_ratio": 1.9137918420528264,
    "F444W_lens_magnitude_ab": 18.348655860998683,
    "F444W_lensed_source_magnitude_ab": 24.23485331486537,
    "F444W_source_magnitude_ab": 24.17998378477032,
    "F444W_magnification": 1.7063961141357826,
    "F444W_max_lensed_source_signal_to_noise_ratio": 1.819462854425396,
    "F115W_lens_magnitude_ab": 22.37351734688979,
    "F115W_lensed_source_magnitude_ab": Infinity,
    "F115W_source_magnitude_ab": Infinity,
    "F115W_magnification": NaN,
    "F115W_max_lensed_source_signal_to_noise_ratio": 0.0
}