{
    "einstein_radius": 0.46375863241460863,
    "F277W_lens_magnitude_ab": 18.30784478810786,
    "F277W_lensed_source_magnitude_ab": 23.352653569746714,
    "F277W_source_magnitude_ab": 23.466610932224608,
    "F277W_magnification": 4.718520048902466,
    "F277W_max_lensed_source_signal_to_noise_ratio": 4.810084943433664,
    "F444W_lens_magnitude_ab": 18.393468995386172,
    "F444W_lensed_source_magnitude_ab": 23.318909706900367,
    "F444W_source_magnitude_ab": 23.55265651861189,
    "F444W_magnification": 3.641279552054588,
    "F444W_max_lensed_source_signal_to_noise_ratio": 4.181509566757605,
    "F150W_lens_magnitude_ab": 20.71870430848239,
    "F150W_lensed_source_magnitude_ab": 23.34259481710619,
    "F150W_source_magnitude_ab": 25.33003792632451,
    "F150W_magnification": 2.281082424378318,
    "F150W_max_lensed_source_signal_to_noise_ratio": 2.202584655983626,
    "F115W_lens_magnitude_ab": 21.21226371445829,
    "F115W_lensed_source_magnitude_ab": 24.032842169097485,
    "F115W_source_magnitude_ab": 25.721956614058616,
    "F115W_magnification": 3.6442110591739976,
    "F115W_max_lensed_source_signal_to_noise_ratio": 1.5059106368716384
}