{
    "einstein_radius": 2.2481978820695163,
    "F277W_lens_magnitude_ab": 18.004572771167332,
    "F277W_lensed_source_magnitude_ab": 20.427742671425957,
    "F277W_source_magnitude_ab": 19.230331065178135,
    "F277W_magnification": 0.97049940470747,
    "F277W_max_lensed_source_signal_to_noise_ratio": 55.188681501406236,
    "F444W_lens_magnitude_ab": 18.389995994698523,
    "F444W_lensed_source_magnitude_ab": 20.967698041282013,
    "F444W_source_magnitude_ab": 20.741210053530192,
    "F444W_magnification": 2.8724438654901214,
    "F444W_max_lensed_source_signal_to_noise_ratio": 43.94329005202565,
    "F150W_lens_magnitude_ab": 20.116048376346185,
    "F150W_lensed_source_magnitude_ab": 20.886330944412858,
    "F150W_source_magnitude_ab": 20.982759151114823,
    "F150W_magnification": 4.499861958045566,
    "F150W_max_lensed_source_signal_to_noise_ratio": 31.205620641892448,
    "F115W_lens_magnitude_ab": 20.754239127282617,
    "F115W_lensed_source_magnitude_ab": 20.922443100028083,
    "F115W_source_magnitude_ab": 20.56093024160915,
    "F115W_magnification": 6.608010929751466,
    "F115W_max_lensed_source_signal_to_noise_ratio": 21.621197094090068
}