{
    "einstein_radius": 0.36368750497977437,
    "F150W_lens_magnitude_ab": 21.877593328848224,
    "F150W_lensed_source_magnitude_ab": 24.570966336883036,
    "F150W_source_magnitude_ab": 25.619284321591618,
    "F150W_magnification": 2.4145443871976715,
    "F150W_max_lensed_source_signal_to_noise_ratio": 4.375709342568096,
    "F277W_lens_magnitude_ab": 19.88100029138343,
    "F277W_lensed_source_magnitude_ab": 24.873919275318354,
    "F277W_source_magnitude_ab": 24.972116704431965,
    "F277W_magnification": 2.8789080018434636,
    "F277W_max_lensed_source_signal_to_noise_ratio": 4.321885496427337,
    "F444W_lens_magnitude_ab": 20.02994714643872,
    "F444W_lensed_source_magnitude_ab": 25.01529723961881,
    "F444W_source_magnitude_ab": 25.488554608790512,
    "F444W_magnification": 2.644724210150486,
    "F444W_max_lensed_source_signal_to_noise_ratio": 4.024466943970464,
    "F115W_lens_magnitude_ab": 22.011090420940935,
    "F115W_lensed_source_magnitude_ab": Infinity,
    "F115W_source_magnitude_ab": Infinity,
    "F115W_magnification": NaN,
    "F115W_max_lensed_source_signal_to_noise_ratio": 0.0
}