{
    "einstein_radius": 0.3960856167312133,
    "F277W_lens_magnitude_ab": 19.909400904826484,
    "F277W_lensed_source_magnitude_ab": 24.157124411072783,
    "F277W_source_magnitude_ab": 24.53411339862008,
    "F277W_magnification": 2.7487937095083463,
    "F277W_max_lensed_source_signal_to_noise_ratio": 5.556328669521417,
    "F444W_lens_magnitude_ab": 19.825142773696847,
    "F444W_lensed_source_magnitude_ab": 24.038368208874786,
    "F444W_source_magnitude_ab": 23.69726528201662,
    "F444W_magnification": 2.6332539053203283,
    "F444W_max_lensed_source_signal_to_noise_ratio": 5.665287776377065,
    "F150W_lens_magnitude_ab": 21.812132193115502,
    "F150W_lensed_source_magnitude_ab": 23.76621974219507,
    "F150W_source_magnitude_ab": 24.540226700407775,
    "F150W_magnification": 2.5767873353015647,
    "F150W_max_lensed_source_signal_to_noise_ratio": 5.780373833526827,
    "F115W_lens_magnitude_ab": 22.09135636713729,
    "F115W_lensed_source_magnitude_ab": 23.896637952393107,
    "F115W_source_magnitude_ab": 25.25762830552848,
    "F115W_magnification": 2.8989121337628156,
    "F115W_max_lensed_source_signal_to_noise_ratio": 3.962590074608909
}