{
    "einstein_radius": 0.6880213283967731,
    "F277W_lens_magnitude_ab": 19.90913611156042,
    "F277W_lensed_source_magnitude_ab": 25.444454774281738,
    "F277W_source_magnitude_ab": 25.183131035029366,
    "F277W_magnification": 3.676749039422424,
    "F277W_max_lensed_source_signal_to_noise_ratio": 3.125472626668253,
    "F444W_lens_magnitude_ab": 19.26011161919759,
    "F444W_lensed_source_magnitude_ab": Infinity,
    "F444W_source_magnitude_ab": Infinity,
    "F444W_magnification": NaN,
    "F444W_max_lensed_source_signal_to_noise_ratio": 0.0,
    "F150W_lens_magnitude_ab": 22.723371669397967,
    "F150W_lensed_source_magnitude_ab": 25.02034314845738,
    "F150W_source_magnitude_ab": 25.930646448582472,
    "F150W_magnification": 3.8683780794628513,
    "F150W_max_lensed_source_signal_to_noise_ratio": 4.428440143805265,
    "F115W_lens_magnitude_ab": 24.042103285682842,
    "F115W_lensed_source_magnitude_ab": 25.01309329746863,
    "F115W_source_magnitude_ab": 25.969330025828157,
    "F115W_magnification": 2.8870092876879063,
    "F115W_max_lensed_source_signal_to_noise_ratio": 2.7692084060126625
}