{
    "einstein_radius": 0.5339298874732933,
    "F277W_lens_magnitude_ab": 16.481251846355864,
    "F277W_lensed_source_magnitude_ab": 21.278169970420628,
    "F277W_source_magnitude_ab": 21.52830865988333,
    "F277W_magnification": 1.7237201881398099,
    "F277W_max_lensed_source_signal_to_noise_ratio": 6.827584886881772,
    "F444W_lens_magnitude_ab": 16.742282170778292,
    "F444W_lensed_source_magnitude_ab": 21.6813290218748,
    "F444W_source_magnitude_ab": 21.919650189444788,
    "F444W_magnification": 1.8036829464485225,
    "F444W_max_lensed_source_signal_to_noise_ratio": 5.085791782606904,
    "F150W_lens_magnitude_ab": 18.7394669924994,
    "F150W_lensed_source_magnitude_ab": 21.563067785490013,
    "F150W_source_magnitude_ab": 24.379391041096486,
    "F150W_magnification": 1.691156837131635,
    "F150W_max_lensed_source_signal_to_noise_ratio": 2.2796741578624404,
    "F115W_lens_magnitude_ab": 19.100596033927665,
    "F115W_lensed_source_magnitude_ab": 21.969230240943045,
    "F115W_source_magnitude_ab": 24.95316349202156,
    "F115W_magnification": 1.8100194563162513,
    "F115W_max_lensed_source_signal_to_noise_ratio": 2.0800631064210893
}