{
    "einstein_radius": 1.7424549006321641,
    "F150W_lens_magnitude_ab": 16.368036242184992,
    "F150W_lensed_source_magnitude_ab": 20.078616114739642,
    "F150W_source_magnitude_ab": 22.114681274396403,
    "F150W_magnification": 3.8538710762756287,
    "F150W_max_lensed_source_signal_to_noise_ratio": 57.772823148868014,
    "F277W_lens_magnitude_ab": 14.560953787727795,
    "F277W_lensed_source_magnitude_ab": 19.65523364747275,
    "F277W_source_magnitude_ab": 19.90433448375979,
    "F277W_magnification": 4.218620935553995,
    "F277W_max_lensed_source_signal_to_noise_ratio": 63.172662684787134,
    "F444W_lens_magnitude_ab": 15.290651494797057,
    "F444W_lensed_source_magnitude_ab": 19.87643810039347,
    "F444W_source_magnitude_ab": 19.66411894677056,
    "F444W_magnification": 4.204970070599372,
    "F444W_max_lensed_source_signal_to_noise_ratio": 49.66183379418113,
    "F115W_lens_magnitude_ab": 16.633491176595232,
    "F115W_lensed_source_magnitude_ab": 20.26851198387262,
    "F115W_source_magnitude_ab": 22.323586785479623,
    "F115W_magnification": 3.8169676118245888,
    "F115W_max_lensed_source_signal_to_noise_ratio": 50.93096731031525
}