{
    "einstein_radius": 0.8243303158925191,
    "F277W_lens_magnitude_ab": 20.54982994575071,
    "F277W_lensed_source_magnitude_ab": 24.79814933851061,
    "F277W_source_magnitude_ab": 24.817520487285183,
    "F277W_magnification": 5.53524147055175,
    "F277W_max_lensed_source_signal_to_noise_ratio": 4.458126863335065,
    "F444W_lens_magnitude_ab": 21.18682368616718,
    "F444W_lensed_source_magnitude_ab": 24.65929434258261,
    "F444W_source_magnitude_ab": 24.943506753062607,
    "F444W_magnification": 5.4082350586487955,
    "F444W_max_lensed_source_signal_to_noise_ratio": 2.4290636779009356,
    "F150W_lens_magnitude_ab": 21.96284171217527,
    "F150W_lensed_source_magnitude_ab": 24.20819286330439,
    "F150W_source_magnitude_ab": 25.391074852147817,
    "F150W_magnification": 5.406132185375714,
    "F150W_max_lensed_source_signal_to_noise_ratio": 3.2813461243186604,
    "F115W_lens_magnitude_ab": 22.206469173567925,
    "F115W_lensed_source_magnitude_ab": 25.779111286044202,
    "F115W_source_magnitude_ab": 26.324434823269126,
    "F115W_magnification": 4.6076515864672345,
    "F115W_max_lensed_source_signal_to_noise_ratio": 3.0769895554724687
}