{
    "einstein_radius": 0.33383804393201844,
    "F444W_lens_magnitude_ab": 19.214882827285173,
    "F444W_lensed_source_magnitude_ab": 21.774572369516008,
    "F444W_source_magnitude_ab": 21.164068021689673,
    "F444W_magnification": 3.7871844767303258,
    "F444W_max_lensed_source_signal_to_noise_ratio": 26.250697109159045,
    "F277W_lens_magnitude_ab": 19.8350635079423,
    "F277W_lensed_source_magnitude_ab": 22.191057968042333,
    "F277W_source_magnitude_ab": 21.88945567504404,
    "F277W_magnification": 3.5818817725372676,
    "F277W_max_lensed_source_signal_to_noise_ratio": 18.334941799188485,
    "F150W_lens_magnitude_ab": 22.4152623396527,
    "F150W_lensed_source_magnitude_ab": 22.779645319865875,
    "F150W_source_magnitude_ab": 23.77760678444372,
    "F150W_magnification": 3.734723638138878,
    "F150W_max_lensed_source_signal_to_noise_ratio": 5.472646314076966,
    "F115W_lens_magnitude_ab": 22.70719040867955,
    "F115W_lensed_source_magnitude_ab": 23.609187034434004,
    "F115W_source_magnitude_ab": 25.577538022659986,
    "F115W_magnification": 2.739087166674164,
    "F115W_max_lensed_source_signal_to_noise_ratio": 2.695523570316568
}