{
    "einstein_radius": 0.48197404033902025,
    "F150W_lens_magnitude_ab": 22.359246143196277,
    "F150W_lensed_source_magnitude_ab": 23.909615756603795,
    "F150W_source_magnitude_ab": 25.020173664681057,
    "F150W_magnification": 3.2461617063227535,
    "F150W_max_lensed_source_signal_to_noise_ratio": 4.309702245609707,
    "F277W_lens_magnitude_ab": 20.02285256162123,
    "F277W_lensed_source_magnitude_ab": Infinity,
    "F277W_source_magnitude_ab": Infinity,
    "F277W_magnification": NaN,
    "F277W_max_lensed_source_signal_to_noise_ratio": 0.0,
    "F444W_lens_magnitude_ab": 20.42112527025206,
    "F444W_lensed_source_magnitude_ab": Infinity,
    "F444W_source_magnitude_ab": Infinity,
    "F444W_magnification": NaN,
    "F444W_max_lensed_source_signal_to_noise_ratio": 0.0,
    "F115W_lens_magnitude_ab": 22.514366988455482,
    "F115W_lensed_source_magnitude_ab": 23.97347789302564,
    "F115W_source_magnitude_ab": 25.312454631704625,
    "F115W_magnification": 3.8932838766639843,
    "F115W_max_lensed_source_signal_to_noise_ratio": 3.878423152649207
}