{
    "einstein_radius": 0.34791963180713076,
    "F277W_lens_magnitude_ab": 19.01601066393044,
    "F277W_lensed_source_magnitude_ab": 22.666046474801306,
    "F277W_source_magnitude_ab": 22.427576236845645,
    "F277W_magnification": 2.535423843083437,
    "F277W_max_lensed_source_signal_to_noise_ratio": 30.204391478147098,
    "F444W_lens_magnitude_ab": 19.063176013785544,
    "F444W_lensed_source_magnitude_ab": 21.759176094767774,
    "F444W_source_magnitude_ab": 21.225187139970593,
    "F444W_magnification": 2.2323556346684454,
    "F444W_max_lensed_source_signal_to_noise_ratio": 37.20543792054463,
    "F150W_lens_magnitude_ab": 23.124936238627235,
    "F150W_lensed_source_magnitude_ab": Infinity,
    "F150W_source_magnitude_ab": Infinity,
    "F150W_magnification": NaN,
    "F150W_max_lensed_source_signal_to_noise_ratio": 0.0,
    "F115W_lens_magnitude_ab": 24.299522827235368,
    "F115W_lensed_source_magnitude_ab": Infinity,
    "F115W_source_magnitude_ab": Infinity,
    "F115W_magnification": NaN,
    "F115W_max_lensed_source_signal_to_noise_ratio": 0.0
}