{
    "einstein_radius": 0.5819946229940134,
    "F150W_lens_magnitude_ab": 18.314322994038022,
    "F150W_lensed_source_magnitude_ab": 20.79341101533533,
    "F150W_source_magnitude_ab": 22.294700539079432,
    "F150W_magnification": 2.5586140277618594,
    "F150W_max_lensed_source_signal_to_noise_ratio": 8.071917440766315,
    "F277W_lens_magnitude_ab": 16.673842220670185,
    "F277W_lensed_source_magnitude_ab": 20.661243844191038,
    "F277W_source_magnitude_ab": 20.90426906611934,
    "F277W_magnification": 2.633579816663154,
    "F277W_max_lensed_source_signal_to_noise_ratio": 20.825335886492738,
    "F444W_lens_magnitude_ab": 17.26533770422262,
    "F444W_lensed_source_magnitude_ab": 21.685533512759942,
    "F444W_source_magnitude_ab": 22.424925548982905,
    "F444W_magnification": 2.552719351855182,
    "F444W_max_lensed_source_signal_to_noise_ratio": 14.02700314894471,
    "F115W_lens_magnitude_ab": 18.575302421194166,
    "F115W_lensed_source_magnitude_ab": 21.20533760734577,
    "F115W_source_magnitude_ab": 22.415652894786113,
    "F115W_magnification": 2.558201718091242,
    "F115W_max_lensed_source_signal_to_noise_ratio": 6.092320304778071
}