{
    "einstein_radius": 0.7991181784592786,
    "F277W_lens_magnitude_ab": 18.796210376833983,
    "F277W_lensed_source_magnitude_ab": 21.536143493463094,
    "F277W_source_magnitude_ab": 21.160148197292273,
    "F277W_magnification": 2.4477246334575065,
    "F277W_max_lensed_source_signal_to_noise_ratio": 28.59249547481509,
    "F444W_lens_magnitude_ab": 19.411641677260743,
    "F444W_lensed_source_magnitude_ab": 21.715582316086774,
    "F444W_source_magnitude_ab": 21.485613884954866,
    "F444W_magnification": 2.421219131426631,
    "F444W_max_lensed_source_signal_to_noise_ratio": 25.43593175279621,
    "F150W_lens_magnitude_ab": 20.682397894303204,
    "F150W_lensed_source_magnitude_ab": 21.743471659225094,
    "F150W_source_magnitude_ab": 22.87600735856695,
    "F150W_magnification": 2.596719044530567,
    "F150W_max_lensed_source_signal_to_noise_ratio": 19.10744090123658,
    "F115W_lens_magnitude_ab": 20.90026308402519,
    "F115W_lensed_source_magnitude_ab": 21.885625738232825,
    "F115W_source_magnitude_ab": 22.8395449903261,
    "F115W_magnification": 2.4952433322302294,
    "F115W_max_lensed_source_signal_to_noise_ratio": 25.622589487896626
}