{
    "einstein_radius": 0.5412939643686681,
    "F277W_lens_magnitude_ab": 17.09929807863845,
    "F277W_lensed_source_magnitude_ab": 21.232133730731157,
    "F277W_source_magnitude_ab": 21.09378089563825,
    "F277W_magnification": 5.218257252793536,
    "F277W_max_lensed_source_signal_to_noise_ratio": 20.87628627993578,
    "F444W_lens_magnitude_ab": 17.331823338626442,
    "F444W_lensed_source_magnitude_ab": 21.505165457923354,
    "F444W_source_magnitude_ab": 21.575163011765746,
    "F444W_magnification": 5.276920047114227,
    "F444W_max_lensed_source_signal_to_noise_ratio": 15.626407422599877,
    "F150W_lens_magnitude_ab": 19.427825087370138,
    "F150W_lensed_source_magnitude_ab": 21.70459439879874,
    "F150W_source_magnitude_ab": 22.944700165637016,
    "F150W_magnification": 3.9305449870899394,
    "F150W_max_lensed_source_signal_to_noise_ratio": 10.677983402720733,
    "F115W_lens_magnitude_ab": 19.935485798308143,
    "F115W_lensed_source_magnitude_ab": 21.767772070605467,
    "F115W_source_magnitude_ab": 22.85627715942275,
    "F115W_magnification": 3.8185755162178676,
    "F115W_max_lensed_source_signal_to_noise_ratio": 9.96123728888648
}