{
    "einstein_radius": 1.861358560422126,
    "F277W_lens_magnitude_ab": 18.754257311295312,
    "F277W_lensed_source_magnitude_ab": 35.72713766387393,
    "F277W_source_magnitude_ab": 37.28900621222217,
    "F277W_magnification": 21.05021773460054,
    "F277W_max_lensed_source_signal_to_noise_ratio": 9.720435985461594e-06
}