{
    "einstein_radius": 0.714352862358887,
    "F277W_lens_magnitude_ab": 16.524075997331302,
    "F277W_lensed_source_magnitude_ab": 22.828522101088442,
    "F277W_source_magnitude_ab": 23.792974253279645,
    "F277W_magnification": 1.9381123752775034,
    "F277W_max_lensed_source_signal_to_noise_ratio": 5.950341591502071,
    "F444W_lens_magnitude_ab": 17.13748530011953,
    "F444W_lensed_source_magnitude_ab": 23.960502979993407,
    "F444W_source_magnitude_ab": 24.385231859798417,
    "F444W_magnification": 2.155093884869215,
    "F444W_max_lensed_source_signal_to_noise_ratio": 3.4500353235081427,
    "F150W_lens_magnitude_ab": 18.789574462712558,
    "F150W_lensed_source_magnitude_ab": 22.66876983146088,
    "F150W_source_magnitude_ab": 24.880121058152874,
    "F150W_magnification": 2.278624223826166,
    "F150W_max_lensed_source_signal_to_noise_ratio": 4.518371001878355,
    "F115W_lens_magnitude_ab": 19.251479511450345,
    "F115W_lensed_source_magnitude_ab": 22.69075469789022,
    "F115W_source_magnitude_ab": 24.785297759999136,
    "F115W_magnification": 2.407643627127729,
    "F115W_max_lensed_source_signal_to_noise_ratio": 4.1583659452548964
}