{
    "einstein_radius": 0.3150991966614247,
    "F150W_lens_magnitude_ab": 22.317961344201734,
    "F150W_lensed_source_magnitude_ab": 23.410742568686462,
    "F150W_source_magnitude_ab": 23.65708396080637,
    "F150W_magnification": 3.4290359312968666,
    "F150W_max_lensed_source_signal_to_noise_ratio": 5.7327618608644455,
    "F277W_lens_magnitude_ab": 20.18632764602563,
    "F277W_lensed_source_magnitude_ab": 23.476274465122007,
    "F277W_source_magnitude_ab": 23.395046266906654,
    "F277W_magnification": 4.977718333652271,
    "F277W_max_lensed_source_signal_to_noise_ratio": 12.511697545824912,
    "F444W_lens_magnitude_ab": 20.108871967481353,
    "F444W_lensed_source_magnitude_ab": 23.212657486242588,
    "F444W_source_magnitude_ab": 22.960178206381666,
    "F444W_magnification": 5.31889431680352,
    "F444W_max_lensed_source_signal_to_noise_ratio": 14.017786249726232,
    "F115W_lens_magnitude_ab": 22.568102156336668,
    "F115W_lensed_source_magnitude_ab": 23.968637772133242,
    "F115W_source_magnitude_ab": 24.20932722646103,
    "F115W_magnification": 4.277711722965135,
    "F115W_max_lensed_source_signal_to_noise_ratio": 3.880190323721317
}