{
    "einstein_radius": 0.6215934140143581,
    "F277W_lens_magnitude_ab": 19.65720082487648,
    "F277W_lensed_source_magnitude_ab": 22.698942768761125,
    "F277W_source_magnitude_ab": 23.103725464610257,
    "F277W_magnification": 3.8445704201898097,
    "F277W_max_lensed_source_signal_to_noise_ratio": 11.4124857394421,
    "F444W_lens_magnitude_ab": 19.543259827156422,
    "F444W_lensed_source_magnitude_ab": 22.57079879526502,
    "F444W_source_magnitude_ab": 22.84869815062544,
    "F444W_magnification": 3.546051223658427,
    "F444W_max_lensed_source_signal_to_noise_ratio": 9.737021509503906,
    "F150W_lens_magnitude_ab": 21.774286393229673,
    "F150W_lensed_source_magnitude_ab": 22.644842775199194,
    "F150W_source_magnitude_ab": 23.198348091783245,
    "F150W_magnification": 3.910020243535638,
    "F150W_max_lensed_source_signal_to_noise_ratio": 14.263240586474977,
    "F115W_lens_magnitude_ab": 22.039749222746494,
    "F115W_lensed_source_magnitude_ab": 22.670104777375116,
    "F115W_source_magnitude_ab": 24.147923960102354,
    "F115W_magnification": 3.0013122526187845,
    "F115W_max_lensed_source_signal_to_noise_ratio": 10.435438380553695
}