{
    "einstein_radius": 1.2082190956731325,
    "F277W_lens_magnitude_ab": 18.502645616595373,
    "F277W_lensed_source_magnitude_ab": 22.60944014785227,
    "F277W_source_magnitude_ab": 21.80380495156362,
    "F277W_magnification": 0.8215121013191309,
    "F277W_max_lensed_source_signal_to_noise_ratio": 28.447884847524094,
    "F444W_lens_magnitude_ab": 18.406385085422833,
    "F444W_lensed_source_magnitude_ab": 22.34187497283908,
    "F444W_source_magnitude_ab": 22.23738646361105,
    "F444W_magnification": 0.605205156012847,
    "F444W_max_lensed_source_signal_to_noise_ratio": 13.968642726527111,
    "F150W_lens_magnitude_ab": 21.00849642088566,
    "F150W_lensed_source_magnitude_ab": 23.045982072933217,
    "F150W_source_magnitude_ab": 20.62042428647262,
    "F150W_magnification": 0.6683866343458328,
    "F150W_max_lensed_source_signal_to_noise_ratio": 15.16134162716141,
    "F115W_lens_magnitude_ab": 21.2951517480907,
    "F115W_lensed_source_magnitude_ab": 34.105081231670376,
    "F115W_source_magnitude_ab": 36.54443113498533,
    "F115W_magnification": 3.9763685093288967,
    "F115W_max_lensed_source_signal_to_noise_ratio": 4.805373049242073e-05
}