{
    "einstein_radius": 0.35284834087638106,
    "F277W_lens_magnitude_ab": 18.0577116411926,
    "F277W_lensed_source_magnitude_ab": 21.460036774559217,
    "F277W_source_magnitude_ab": 20.847600938933176,
    "F277W_magnification": 1.6540531930687823,
    "F277W_max_lensed_source_signal_to_noise_ratio": 69.30491555886252,
    "F444W_lens_magnitude_ab": 17.772913208991255,
    "F444W_lensed_source_magnitude_ab": 21.060454100891832,
    "F444W_source_magnitude_ab": 20.315893973405824,
    "F444W_magnification": 1.7247254944156938,
    "F444W_max_lensed_source_signal_to_noise_ratio": 82.99303239993993,
    "F150W_lens_magnitude_ab": 20.783005875787218,
    "F150W_lensed_source_magnitude_ab": 22.124069897734497,
    "F150W_source_magnitude_ab": 22.382147052471197,
    "F150W_magnification": 1.6136241848036201,
    "F150W_max_lensed_source_signal_to_noise_ratio": 27.038437418938752,
    "F115W_lens_magnitude_ab": 21.716988715827682,
    "F115W_lensed_source_magnitude_ab": 22.387062326410526,
    "F115W_source_magnitude_ab": 23.526599299979367,
    "F115W_magnification": 1.377714621119658,
    "F115W_max_lensed_source_signal_to_noise_ratio": 17.78346630840318
}