{
    "einstein_radius": 1.1051266561270234,
    "F277W_lens_magnitude_ab": 19.6210046853734,
    "F277W_lensed_source_magnitude_ab": 22.979802919722367,
    "F277W_source_magnitude_ab": 22.674420080094954,
    "F277W_magnification": 7.2337749402381935,
    "F277W_max_lensed_source_signal_to_noise_ratio": 7.93163387400806,
    "F444W_lens_magnitude_ab": 19.268430706010857,
    "F444W_lensed_source_magnitude_ab": 22.837087215984866,
    "F444W_source_magnitude_ab": 23.122739444215455,
    "F444W_magnification": 6.735817656549224,
    "F444W_max_lensed_source_signal_to_noise_ratio": 6.843414860209969,
    "F150W_lens_magnitude_ab": 21.891075875350587,
    "F150W_lensed_source_magnitude_ab": 22.594245021822736,
    "F150W_source_magnitude_ab": 24.198700787270596,
    "F150W_magnification": 4.027923702206175,
    "F150W_max_lensed_source_signal_to_noise_ratio": 20.33962327424084,
    "F115W_lens_magnitude_ab": 22.313340804586375,
    "F115W_lensed_source_magnitude_ab": 23.296927391726054,
    "F115W_source_magnitude_ab": 25.03563015604622,
    "F115W_magnification": 6.040965067868665,
    "F115W_max_lensed_source_signal_to_noise_ratio": 4.402453238190459
}