{
    "einstein_radius": 0.9763868389227448,
    "F277W_lens_magnitude_ab": 17.01115709190205,
    "F277W_lensed_source_magnitude_ab": 22.334314125481374,
    "F277W_source_magnitude_ab": 22.947270043547608,
    "F277W_magnification": 2.518220039258801,
    "F277W_max_lensed_source_signal_to_noise_ratio": 12.92090243055108,
    "F444W_lens_magnitude_ab": 17.77847176281352,
    "F444W_lensed_source_magnitude_ab": 23.482660843291477,
    "F444W_source_magnitude_ab": 23.603772608392834,
    "F444W_magnification": 2.8302571021534533,
    "F444W_max_lensed_source_signal_to_noise_ratio": 5.186900757263531,
    "F150W_lens_magnitude_ab": 18.89949844847225,
    "F150W_lensed_source_magnitude_ab": 22.059886393231054,
    "F150W_source_magnitude_ab": 23.91063860724414,
    "F150W_magnification": 2.463408188482216,
    "F150W_max_lensed_source_signal_to_noise_ratio": 7.190367041427394,
    "F115W_lens_magnitude_ab": 19.279762056443936,
    "F115W_lensed_source_magnitude_ab": 22.438612470216228,
    "F115W_source_magnitude_ab": 24.27871764732566,
    "F115W_magnification": 3.028403767660593,
    "F115W_max_lensed_source_signal_to_noise_ratio": 7.0307205875415555
}