{
    "einstein_radius": 0.46424017125153355,
    "F115W_lens_magnitude_ab": 19.819093363855686,
    "F115W_lensed_source_magnitude_ab": 21.765137425028932,
    "F115W_source_magnitude_ab": 21.8212440017234,
    "F115W_magnification": 3.28006922884012,
    "F115W_max_lensed_source_signal_to_noise_ratio": 27.54031189713095,
    "F277W_lens_magnitude_ab": 17.46676347013844,
    "F277W_lensed_source_magnitude_ab": 21.690516706685298,
    "F277W_source_magnitude_ab": 21.057586283723623,
    "F277W_magnification": 2.8167497838488518,
    "F277W_max_lensed_source_signal_to_noise_ratio": 39.39735299171481,
    "F444W_lens_magnitude_ab": 18.076741118856905,
    "F444W_lensed_source_magnitude_ab": 21.900847441025434,
    "F444W_source_magnitude_ab": 21.493170589703304,
    "F444W_magnification": 3.366450842093225,
    "F444W_max_lensed_source_signal_to_noise_ratio": 38.43159639993384,
    "F150W_lens_magnitude_ab": 19.40276845222192,
    "F150W_lensed_source_magnitude_ab": 21.526339219462884,
    "F150W_source_magnitude_ab": 21.867705261386618,
    "F150W_magnification": 3.326528640337397,
    "F150W_max_lensed_source_signal_to_noise_ratio": 29.817212862492692
}