{
    "einstein_radius": 0.5048359166047404,
    "F150W_lens_magnitude_ab": 21.5833499437405,
    "F150W_lensed_source_magnitude_ab": 22.80559821215223,
    "F150W_source_magnitude_ab": 24.645410795008985,
    "F150W_magnification": 2.829260844878647,
    "F150W_max_lensed_source_signal_to_noise_ratio": 5.406534293814332,
    "F277W_lens_magnitude_ab": 19.051213719267665,
    "F277W_lensed_source_magnitude_ab": 23.703163790130386,
    "F277W_source_magnitude_ab": 23.555362198214812,
    "F277W_magnification": 3.904707206450565,
    "F277W_max_lensed_source_signal_to_noise_ratio": 3.825119327570501,
    "F444W_lens_magnitude_ab": 18.944266140880075,
    "F444W_lensed_source_magnitude_ab": 23.802585540060257,
    "F444W_source_magnitude_ab": 23.872348261050284,
    "F444W_magnification": 5.538970258262833,
    "F444W_max_lensed_source_signal_to_noise_ratio": 3.291222720507794,
    "F115W_lens_magnitude_ab": 21.896421405556463,
    "F115W_lensed_source_magnitude_ab": 23.267389751152802,
    "F115W_source_magnitude_ab": 25.342966087860667,
    "F115W_magnification": 2.4709382008989076,
    "F115W_max_lensed_source_signal_to_noise_ratio": 3.2420942295725834
}