{
    "einstein_radius": 0.712889731644195,
    "F277W_lens_magnitude_ab": 20.476364798537258,
    "F277W_lensed_source_magnitude_ab": 24.740653783367648,
    "F277W_source_magnitude_ab": 24.038930278710794,
    "F277W_magnification": 3.1205632771605436,
    "F277W_max_lensed_source_signal_to_noise_ratio": 6.405885391269911,
    "F444W_lens_magnitude_ab": 20.081696496733095,
    "F444W_lensed_source_magnitude_ab": 24.888372790087306,
    "F444W_source_magnitude_ab": 24.258451308039792,
    "F444W_magnification": 3.9952859111196384,
    "F444W_max_lensed_source_signal_to_noise_ratio": 5.15559202923129,
    "F150W_lens_magnitude_ab": 22.704307554915417,
    "F150W_lensed_source_magnitude_ab": 24.172181309611446,
    "F150W_source_magnitude_ab": 25.53343377423184,
    "F150W_magnification": 3.2151952849237393,
    "F150W_max_lensed_source_signal_to_noise_ratio": 5.657071689802937,
    "F115W_lens_magnitude_ab": 23.73135037280017,
    "F115W_lensed_source_magnitude_ab": 25.636928226894966,
    "F115W_source_magnitude_ab": 26.280596238103556,
    "F115W_magnification": 2.468052692803055,
    "F115W_max_lensed_source_signal_to_noise_ratio": 4.488352349729914
}