{
    "einstein_radius": 0.4837724730900538,
    "F150W_lens_magnitude_ab": 21.661736391126624,
    "F150W_lensed_source_magnitude_ab": 21.885638534656582,
    "F150W_source_magnitude_ab": 22.771862379918467,
    "F150W_magnification": 3.2638709968166193,
    "F150W_max_lensed_source_signal_to_noise_ratio": 17.833091181287696,
    "F277W_lens_magnitude_ab": 19.381536319987404,
    "F277W_lensed_source_magnitude_ab": 21.82183243886851,
    "F277W_source_magnitude_ab": 21.123603066811675,
    "F277W_magnification": 3.5220364380860056,
    "F277W_max_lensed_source_signal_to_noise_ratio": 22.344436586388017,
    "F444W_lens_magnitude_ab": 19.299352901017393,
    "F444W_lensed_source_magnitude_ab": 21.890292937095698,
    "F444W_source_magnitude_ab": 21.061172818385344,
    "F444W_magnification": 3.309759062314975,
    "F444W_max_lensed_source_signal_to_noise_ratio": 20.294401675601804,
    "F115W_lens_magnitude_ab": 21.940851546687053,
    "F115W_lensed_source_magnitude_ab": 22.23277071037724,
    "F115W_source_magnitude_ab": 22.99243721652089,
    "F115W_magnification": 3.393015697483342,
    "F115W_max_lensed_source_signal_to_noise_ratio": 10.034520832811584
}