{
    "einstein_radius": 0.3343580377142699,
    "F150W_lens_magnitude_ab": 21.637546792094206,
    "F150W_lensed_source_magnitude_ab": 22.84272935681348,
    "F150W_source_magnitude_ab": 23.872842880868795,
    "F150W_magnification": 3.8991986717733758,
    "F150W_max_lensed_source_signal_to_noise_ratio": 5.773288458463566,
    "F277W_lens_magnitude_ab": 19.734108421457115,
    "F277W_lensed_source_magnitude_ab": 22.761706439035112,
    "F277W_source_magnitude_ab": 23.21035106398882,
    "F277W_magnification": 5.072041784231281,
    "F277W_max_lensed_source_signal_to_noise_ratio": 9.342324888582269,
    "F444W_lens_magnitude_ab": 20.388276278963932,
    "F444W_lensed_source_magnitude_ab": 23.520463298524973,
    "F444W_source_magnitude_ab": 23.504087221034776,
    "F444W_magnification": 5.615521779671216,
    "F444W_max_lensed_source_signal_to_noise_ratio": 4.906390582177787,
    "F115W_lens_magnitude_ab": 21.843604667447334,
    "F115W_lensed_source_magnitude_ab": 22.77876618344477,
    "F115W_source_magnitude_ab": 24.04591686651221,
    "F115W_magnification": 2.6798707674775044,
    "F115W_max_lensed_source_signal_to_noise_ratio": 4.370338920300039
}