{
    "einstein_radius": 1.5653706750104237,
    "F444W_lens_magnitude_ab": 18.25483823859914,
    "F444W_lensed_source_magnitude_ab": 22.85888423253335,
    "F444W_source_magnitude_ab": 22.112651143971167,
    "F444W_magnification": 9.094914667025758,
    "F444W_max_lensed_source_signal_to_noise_ratio": 15.216304653799757,
    "F277W_lens_magnitude_ab": 18.511477876104355,
    "F277W_lensed_source_magnitude_ab": 22.76945047170105,
    "F277W_source_magnitude_ab": 21.920051959663652,
    "F277W_magnification": 9.841618627254583,
    "F277W_max_lensed_source_signal_to_noise_ratio": 15.53647102758994,
    "F150W_lens_magnitude_ab": 20.86969257301675,
    "F150W_lensed_source_magnitude_ab": 23.0211117037503,
    "F150W_source_magnitude_ab": 24.26222834305127,
    "F150W_magnification": 8.486086573938833,
    "F150W_max_lensed_source_signal_to_noise_ratio": 6.8170582182264114,
    "F115W_lens_magnitude_ab": 21.624154957388292,
    "F115W_lensed_source_magnitude_ab": 23.92793043481689,
    "F115W_source_magnitude_ab": 25.854174082521627,
    "F115W_magnification": 9.453401073221022,
    "F115W_max_lensed_source_signal_to_noise_ratio": 5.154724336415535
}