{
    "einstein_radius": 1.4549594047352,
    "F444W_lens_magnitude_ab": 17.480154814083107,
    "F444W_lensed_source_magnitude_ab": 21.261654491856167,
    "F444W_source_magnitude_ab": 21.597776298273686,
    "F444W_magnification": 4.803478826387853,
    "F444W_max_lensed_source_signal_to_noise_ratio": 13.193496170410807,
    "F277W_lens_magnitude_ab": 17.023419835515387,
    "F277W_lensed_source_magnitude_ab": 21.562597796080173,
    "F277W_source_magnitude_ab": 22.187325678416318,
    "F277W_magnification": 4.4079580219099865,
    "F277W_max_lensed_source_signal_to_noise_ratio": 9.707732013792606,
    "F150W_lens_magnitude_ab": 19.41571241510414,
    "F150W_lensed_source_magnitude_ab": 23.08392181163141,
    "F150W_source_magnitude_ab": 26.85941178370609,
    "F150W_magnification": 3.908130377501423,
    "F150W_max_lensed_source_signal_to_noise_ratio": 0.602370850507204,
    "F115W_lens_magnitude_ab": 19.93383519863788,
    "F115W_lensed_source_magnitude_ab": 42.04968330101718,
    "F115W_source_magnitude_ab": 45.347370485805406,
    "F115W_magnification": 3.73427414589726,
    "F115W_max_lensed_source_signal_to_noise_ratio": 1.5693509375317437e-08
}