{
    "einstein_radius": 0.372420650903606,
    "F277W_lens_magnitude_ab": 19.658428032160028,
    "F277W_lensed_source_magnitude_ab": 24.471720264383226,
    "F277W_source_magnitude_ab": 24.2767224264065,
    "F277W_magnification": 3.2806786609593868,
    "F277W_max_lensed_source_signal_to_noise_ratio": 5.748031460827985,
    "F444W_lens_magnitude_ab": 20.248271261884312,
    "F444W_lensed_source_magnitude_ab": 24.62875752222288,
    "F444W_source_magnitude_ab": 23.858148909166946,
    "F444W_magnification": 2.6274555309268597,
    "F444W_max_lensed_source_signal_to_noise_ratio": 4.4845928741477055,
    "F150W_lens_magnitude_ab": 22.0081564376491,
    "F150W_lensed_source_magnitude_ab": 23.694027446702634,
    "F150W_source_magnitude_ab": 23.969823610734096,
    "F150W_magnification": 2.246186397469661,
    "F150W_max_lensed_source_signal_to_noise_ratio": 7.7508679114859,
    "F115W_lens_magnitude_ab": 22.221679681527643,
    "F115W_lensed_source_magnitude_ab": 23.84264749712096,
    "F115W_source_magnitude_ab": 24.155867936249265,
    "F115W_magnification": 2.233740048876338,
    "F115W_max_lensed_source_signal_to_noise_ratio": 7.174216405377284
}