{
    "einstein_radius": 0.47091308225365003,
    "F150W_lens_magnitude_ab": 21.25545044239995,
    "F150W_lensed_source_magnitude_ab": 24.41999286391085,
    "F150W_source_magnitude_ab": 24.45044434424634,
    "F150W_magnification": 3.3331327813376297,
    "F150W_max_lensed_source_signal_to_noise_ratio": 6.149117750125157,
    "F277W_lens_magnitude_ab": 19.134472098929734,
    "F277W_lensed_source_magnitude_ab": 23.865033835026882,
    "F277W_source_magnitude_ab": 24.191553146067832,
    "F277W_magnification": 4.669851988707534,
    "F277W_max_lensed_source_signal_to_noise_ratio": 8.423912934720365,
    "F444W_lens_magnitude_ab": 19.295323468897394,
    "F444W_lensed_source_magnitude_ab": 25.28003650714868,
    "F444W_source_magnitude_ab": 25.53148178391521,
    "F444W_magnification": 4.678055837931123,
    "F444W_max_lensed_source_signal_to_noise_ratio": 2.4992723096794824,
    "F115W_lens_magnitude_ab": 21.67787677213703,
    "F115W_lensed_source_magnitude_ab": 24.17243079642079,
    "F115W_source_magnitude_ab": 24.38204001355122,
    "F115W_magnification": 3.624960937509082,
    "F115W_max_lensed_source_signal_to_noise_ratio": 7.3093809475371465
}