{
    "einstein_radius": 0.2308381274920572,
    "F150W_lens_magnitude_ab": 22.266749418856175,
    "F150W_lensed_source_magnitude_ab": 22.42525155764187,
    "F150W_source_magnitude_ab": 22.704759755095118,
    "F150W_magnification": 2.057507608350103,
    "F150W_max_lensed_source_signal_to_noise_ratio": 14.343180054744952,
    "F277W_lens_magnitude_ab": 19.950292192712254,
    "F277W_lensed_source_magnitude_ab": 22.422905402745748,
    "F277W_source_magnitude_ab": 21.56384602129834,
    "F277W_magnification": 2.1935146859961696,
    "F277W_max_lensed_source_signal_to_noise_ratio": 19.509380465456495,
    "F444W_lens_magnitude_ab": 19.24679722125303,
    "F444W_lensed_source_magnitude_ab": 22.10312085684906,
    "F444W_source_magnitude_ab": 21.126712751816363,
    "F444W_magnification": 1.7394956919191868,
    "F444W_max_lensed_source_signal_to_noise_ratio": 17.07858259119357,
    "F115W_lens_magnitude_ab": 23.63140830472876,
    "F115W_lensed_source_magnitude_ab": 22.483955913092732,
    "F115W_source_magnitude_ab": 23.365555066969527,
    "F115W_magnification": 2.2739805233946213,
    "F115W_max_lensed_source_signal_to_noise_ratio": 14.631618276454764
}