{
    "einstein_radius": 0.9587959974375123,
    "F277W_lens_magnitude_ab": 15.780983710240633,
    "F277W_lensed_source_magnitude_ab": 22.320842749854506,
    "F277W_source_magnitude_ab": 23.422815934916393,
    "F277W_magnification": 3.839824252491803,
    "F277W_max_lensed_source_signal_to_noise_ratio": 3.5328010794035833,
    "F444W_lens_magnitude_ab": 16.525966805000138,
    "F444W_lensed_source_magnitude_ab": 23.317742077826676,
    "F444W_source_magnitude_ab": 24.596827620486188,
    "F444W_magnification": 4.067196659785976,
    "F444W_max_lensed_source_signal_to_noise_ratio": 1.8473959068620098,
    "F150W_lens_magnitude_ab": 17.77788164425334,
    "F150W_lensed_source_magnitude_ab": 22.088170279381885,
    "F150W_source_magnitude_ab": 24.737215380076766,
    "F150W_magnification": 3.681389919992699,
    "F150W_max_lensed_source_signal_to_noise_ratio": 3.0777995970871093,
    "F115W_lens_magnitude_ab": 18.191281515440618,
    "F115W_lensed_source_magnitude_ab": 22.415815439716972,
    "F115W_source_magnitude_ab": 24.975416078106363,
    "F115W_magnification": 3.2262861046373006,
    "F115W_max_lensed_source_signal_to_noise_ratio": 1.1566860828308612
}