{
    "einstein_radius": 0.4567728151949322,
    "F150W_lens_magnitude_ab": 22.148547522045156,
    "F150W_lensed_source_magnitude_ab": 23.32479229384364,
    "F150W_source_magnitude_ab": 24.43829275980582,
    "F150W_magnification": 3.147508930711481,
    "F150W_max_lensed_source_signal_to_noise_ratio": 5.062431079229614,
    "F277W_lens_magnitude_ab": 20.265981268447568,
    "F277W_lensed_source_magnitude_ab": 23.326915972757927,
    "F277W_source_magnitude_ab": 23.983490088977483,
    "F277W_magnification": 3.9571727689232614,
    "F277W_max_lensed_source_signal_to_noise_ratio": 5.960870917918189,
    "F444W_lens_magnitude_ab": 20.264692793108456,
    "F444W_lensed_source_magnitude_ab": 23.458166354196106,
    "F444W_source_magnitude_ab": 23.7428382498767,
    "F444W_magnification": 4.071955014706975,
    "F444W_max_lensed_source_signal_to_noise_ratio": 5.664651515674372,
    "F115W_lens_magnitude_ab": 22.30457236258421,
    "F115W_lensed_source_magnitude_ab": 23.478876136658343,
    "F115W_source_magnitude_ab": 24.447791459354676,
    "F115W_magnification": 2.6545618393170627,
    "F115W_max_lensed_source_signal_to_noise_ratio": 4.303739692628034
}