{
    "einstein_radius": 0.6001094092297096,
    "F150W_lens_magnitude_ab": 21.798658590666697,
    "F150W_lensed_source_magnitude_ab": 24.344470884108084,
    "F150W_source_magnitude_ab": 24.007506944549988,
    "F150W_magnification": 3.39374676309908,
    "F150W_max_lensed_source_signal_to_noise_ratio": 10.265297719156383,
    "F277W_lens_magnitude_ab": 19.48890346315661,
    "F277W_lensed_source_magnitude_ab": 25.059782736359555,
    "F277W_source_magnitude_ab": 24.924201125330185,
    "F277W_magnification": 3.700793200223341,
    "F277W_max_lensed_source_signal_to_noise_ratio": 3.2721330441383243,
    "F444W_lens_magnitude_ab": 19.137440281246143,
    "F444W_lensed_source_magnitude_ab": 24.952628375251802,
    "F444W_source_magnitude_ab": 24.929980871692802,
    "F444W_magnification": 3.9843583679071677,
    "F444W_max_lensed_source_signal_to_noise_ratio": 2.4708404577692638,
    "F115W_lens_magnitude_ab": 22.46748552505158,
    "F115W_lensed_source_magnitude_ab": 24.039889723447487,
    "F115W_source_magnitude_ab": 25.125719908271577,
    "F115W_magnification": 2.939691506201651,
    "F115W_max_lensed_source_signal_to_noise_ratio": 5.673807640403346
}