{
    "einstein_radius": 0.38749796840008494,
    "F277W_lens_magnitude_ab": 20.797696251277724,
    "F277W_lensed_source_magnitude_ab": 24.2307060523766,
    "F277W_source_magnitude_ab": 23.884118307167032,
    "F277W_magnification": 5.12787735769083,
    "F277W_max_lensed_source_signal_to_noise_ratio": 5.6118932517910824,
    "F444W_lens_magnitude_ab": 19.89209960333165,
    "F444W_lensed_source_magnitude_ab": 23.884456733649447,
    "F444W_source_magnitude_ab": 23.435074414393718,
    "F444W_magnification": 3.9528506731754,
    "F444W_max_lensed_source_signal_to_noise_ratio": 5.799158637261046,
    "F150W_lens_magnitude_ab": 24.599649377129367,
    "F150W_lensed_source_magnitude_ab": Infinity,
    "F150W_source_magnitude_ab": Infinity,
    "F150W_magnification": NaN,
    "F150W_max_lensed_source_signal_to_noise_ratio": 0.0,
    "F115W_lens_magnitude_ab": 25.31254841224271,
    "F115W_lensed_source_magnitude_ab": Infinity,
    "F115W_source_magnitude_ab": Infinity,
    "F115W_magnification": NaN,
    "F115W_max_lensed_source_signal_to_noise_ratio": 0.0
}