{
    "einstein_radius": 0.3651718533815114,
    "F277W_lens_magnitude_ab": 20.59819046271577,
    "F277W_lensed_source_magnitude_ab": 22.85925151623155,
    "F277W_source_magnitude_ab": 23.197817107199402,
    "F277W_magnification": 2.2401779642653303,
    "F277W_max_lensed_source_signal_to_noise_ratio": 12.264926444161718,
    "F444W_lens_magnitude_ab": 20.48664339524117,
    "F444W_lensed_source_magnitude_ab": 22.743005748557657,
    "F444W_source_magnitude_ab": 23.348109890610008,
    "F444W_magnification": 2.2509587989124182,
    "F444W_max_lensed_source_signal_to_noise_ratio": 9.647803260055557,
    "F150W_lens_magnitude_ab": 23.003120722548754,
    "F150W_lensed_source_magnitude_ab": 22.98997607054048,
    "F150W_source_magnitude_ab": 24.25401347365548,
    "F150W_magnification": 2.2391920972619364,
    "F150W_max_lensed_source_signal_to_noise_ratio": 13.564067469851501,
    "F115W_lens_magnitude_ab": 23.648158740542794,
    "F115W_lensed_source_magnitude_ab": 23.02087866538747,
    "F115W_source_magnitude_ab": 24.617122016721098,
    "F115W_magnification": 2.1620780911374853,
    "F115W_max_lensed_source_signal_to_noise_ratio": 11.726431254338085
}