{
    "einstein_radius": 0.688554984480332,
    "F277W_lens_magnitude_ab": 20.258108594007613,
    "F277W_lensed_source_magnitude_ab": 24.130929896835553,
    "F277W_source_magnitude_ab": 23.86316106864569,
    "F277W_magnification": 3.596296368192753,
    "F277W_max_lensed_source_signal_to_noise_ratio": 13.12627770149955,
    "F444W_lens_magnitude_ab": 20.93016821173842,
    "F444W_lensed_source_magnitude_ab": 24.512574415588407,
    "F444W_source_magnitude_ab": 23.98181930320624,
    "F444W_magnification": 3.358851182515445,
    "F444W_max_lensed_source_signal_to_noise_ratio": 6.872810619483341,
    "F150W_lens_magnitude_ab": 22.1858133160583,
    "F150W_lensed_source_magnitude_ab": 23.652090042954615,
    "F150W_source_magnitude_ab": 24.295640328847004,
    "F150W_magnification": 2.8670032791977813,
    "F150W_max_lensed_source_signal_to_noise_ratio": 7.251120101594936,
    "F115W_lens_magnitude_ab": 22.564485653919263,
    "F115W_lensed_source_magnitude_ab": 24.002045593606855,
    "F115W_source_magnitude_ab": 24.150212785305726,
    "F115W_magnification": 3.493000238048276,
    "F115W_max_lensed_source_signal_to_noise_ratio": 6.133423419702256
}