{
    "einstein_radius": 0.9273607104730891,
    "F277W_lens_magnitude_ab": 17.30618162304893,
    "F277W_lensed_source_magnitude_ab": 21.382693843602755,
    "F277W_source_magnitude_ab": 22.64398836262341,
    "F277W_magnification": 6.859095774360768,
    "F277W_max_lensed_source_signal_to_noise_ratio": 8.858595857237278,
    "F444W_lens_magnitude_ab": 17.084747017733253,
    "F444W_lensed_source_magnitude_ab": 21.027232096440084,
    "F444W_source_magnitude_ab": 21.752302517076807,
    "F444W_magnification": 6.68014640015112,
    "F444W_max_lensed_source_signal_to_noise_ratio": 10.55318729822621,
    "F150W_lens_magnitude_ab": 19.712614955175425,
    "F150W_lensed_source_magnitude_ab": 21.802264284129116,
    "F150W_source_magnitude_ab": 24.18744572939442,
    "F150W_magnification": 5.348394797453366,
    "F150W_max_lensed_source_signal_to_noise_ratio": 2.7796806339736837,
    "F115W_lens_magnitude_ab": 20.307575689825786,
    "F115W_lensed_source_magnitude_ab": 22.204284095163295,
    "F115W_source_magnitude_ab": 24.535427581634007,
    "F115W_magnification": 4.239414442403101,
    "F115W_max_lensed_source_signal_to_noise_ratio": 3.438576054545754
}