{
    "einstein_radius": 0.8222343497911166,
    "F150W_lens_magnitude_ab": 21.009212340726997,
    "F150W_lensed_source_magnitude_ab": 22.583569146884823,
    "F150W_source_magnitude_ab": 23.131974629842063,
    "F150W_magnification": 5.039456173436234,
    "F150W_max_lensed_source_signal_to_noise_ratio": 5.2505713017014735,
    "F277W_lens_magnitude_ab": 18.107444049187457,
    "F277W_lensed_source_magnitude_ab": 22.729696277785955,
    "F277W_source_magnitude_ab": 23.650018279193578,
    "F277W_magnification": 4.569054060508927,
    "F277W_max_lensed_source_signal_to_noise_ratio": 4.568629856749527,
    "F444W_lens_magnitude_ab": 18.33997133605663,
    "F444W_lensed_source_magnitude_ab": 23.283694494132845,
    "F444W_source_magnitude_ab": 24.081718162356097,
    "F444W_magnification": 4.412923197684896,
    "F444W_max_lensed_source_signal_to_noise_ratio": 2.1922084146246155,
    "F115W_lens_magnitude_ab": 21.502160887003587,
    "F115W_lensed_source_magnitude_ab": 22.956587490566477,
    "F115W_source_magnitude_ab": 24.63757636302205,
    "F115W_magnification": 4.961373855712484,
    "F115W_max_lensed_source_signal_to_noise_ratio": 2.497362445689908
}