{
    "einstein_radius": 0.6735867722868257,
    "F277W_lens_magnitude_ab": 16.389134673100045,
    "F277W_lensed_source_magnitude_ab": 22.158318734180142,
    "F277W_source_magnitude_ab": 22.867751135278418,
    "F277W_magnification": 1.7641830140842378,
    "F277W_max_lensed_source_signal_to_noise_ratio": 12.099306250353804,
    "F444W_lens_magnitude_ab": 16.7631280966999,
    "F444W_lensed_source_magnitude_ab": 22.85645719662048,
    "F444W_source_magnitude_ab": 23.60474651965435,
    "F444W_magnification": 1.727913483333943,
    "F444W_max_lensed_source_signal_to_noise_ratio": 8.38042206475567,
    "F150W_lens_magnitude_ab": 18.578274637310535,
    "F150W_lensed_source_magnitude_ab": 22.07423466036668,
    "F150W_source_magnitude_ab": 23.93198765988817,
    "F150W_magnification": 1.7589258570847857,
    "F150W_max_lensed_source_signal_to_noise_ratio": 7.517673506226617,
    "F115W_lens_magnitude_ab": 18.998571147309228,
    "F115W_lensed_source_magnitude_ab": 22.156971939818934,
    "F115W_source_magnitude_ab": 23.8883166206672,
    "F115W_magnification": 1.7518403485608114,
    "F115W_max_lensed_source_signal_to_noise_ratio": 7.190290719589954
}