{
    "einstein_radius": 0.33144512119948166,
    "F150W_lens_magnitude_ab": 21.152248142305194,
    "F150W_lensed_source_magnitude_ab": 22.24561099744008,
    "F150W_source_magnitude_ab": 22.932492051885998,
    "F150W_magnification": 1.8870879783087107,
    "F150W_max_lensed_source_signal_to_noise_ratio": 11.350978980825968,
    "F277W_lens_magnitude_ab": 18.94301108991999,
    "F277W_lensed_source_magnitude_ab": 22.057312749387734,
    "F277W_source_magnitude_ab": 21.813859639705587,
    "F277W_magnification": 2.4777887972591732,
    "F277W_max_lensed_source_signal_to_noise_ratio": 21.763253641543674,
    "F444W_lens_magnitude_ab": 19.146744324133387,
    "F444W_lensed_source_magnitude_ab": 22.339296374475744,
    "F444W_source_magnitude_ab": 22.02437835427826,
    "F444W_magnification": 2.35952483135946,
    "F444W_max_lensed_source_signal_to_noise_ratio": 14.797973294994256,
    "F115W_lens_magnitude_ab": 21.597592768102682,
    "F115W_lensed_source_magnitude_ab": 22.21739923367611,
    "F115W_source_magnitude_ab": 22.57955361519911,
    "F115W_magnification": 2.0723506400068943,
    "F115W_max_lensed_source_signal_to_noise_ratio": 8.549971435710354
}