{
    "einstein_radius": 0.8852244767503173,
    "F150W_lens_magnitude_ab": 21.674761330704683,
    "F150W_lensed_source_magnitude_ab": 24.71933996850865,
    "F150W_source_magnitude_ab": 25.421444468093576,
    "F150W_magnification": 3.1858045429402018,
    "F150W_max_lensed_source_signal_to_noise_ratio": 6.826349641807059,
    "F277W_lens_magnitude_ab": 19.983279686052683,
    "F277W_lensed_source_magnitude_ab": Infinity,
    "F277W_source_magnitude_ab": Infinity,
    "F277W_magnification": NaN,
    "F277W_max_lensed_source_signal_to_noise_ratio": 0.0,
    "F444W_lens_magnitude_ab": 20.74453296858455,
    "F444W_lensed_source_magnitude_ab": Infinity,
    "F444W_source_magnitude_ab": Infinity,
    "F444W_magnification": NaN,
    "F444W_max_lensed_source_signal_to_noise_ratio": 0.0,
    "F115W_lens_magnitude_ab": 21.7924047763156,
    "F115W_lensed_source_magnitude_ab": 24.51279679895626,
    "F115W_source_magnitude_ab": 25.409852561973278,
    "F115W_magnification": 4.158243612606292,
    "F115W_max_lensed_source_signal_to_noise_ratio": 3.960560545702395
}