{
    "einstein_radius": 0.4424336496318596,
    "F150W_lens_magnitude_ab": 20.30273638031058,
    "F150W_lensed_source_magnitude_ab": 22.15274873475839,
    "F150W_source_magnitude_ab": 23.090327570127506,
    "F150W_magnification": 3.1068762393303917,
    "F150W_max_lensed_source_signal_to_noise_ratio": 13.843516574854378,
    "F277W_lens_magnitude_ab": 17.94356283048393,
    "F277W_lensed_source_magnitude_ab": 21.574029282701026,
    "F277W_source_magnitude_ab": 20.625097464296523,
    "F277W_magnification": 3.4762257150801443,
    "F277W_max_lensed_source_signal_to_noise_ratio": 49.42323555193858,
    "F444W_lens_magnitude_ab": 18.278777456911108,
    "F444W_lensed_source_magnitude_ab": 21.77836758820853,
    "F444W_source_magnitude_ab": 20.480270624593867,
    "F444W_magnification": 3.0852011425604133,
    "F444W_max_lensed_source_signal_to_noise_ratio": 44.54453975118869,
    "F115W_lens_magnitude_ab": 20.75716925914999,
    "F115W_lensed_source_magnitude_ab": 22.470835312071966,
    "F115W_source_magnitude_ab": 23.10388490978972,
    "F115W_magnification": 3.339976881123786,
    "F115W_max_lensed_source_signal_to_noise_ratio": 10.648154774965727
}