{
    "einstein_radius": 0.064681008560134,
    "F150W_lens_magnitude_ab": 21.00337435438486,
    "F150W_lensed_source_magnitude_ab": 22.190026622363597,
    "F150W_source_magnitude_ab": 22.802840754880165,
    "F150W_magnification": 1.2504924596247866,
    "F150W_max_lensed_source_signal_to_noise_ratio": 16.553854267989152,
    "F277W_lens_magnitude_ab": 18.879993290214593,
    "F277W_lensed_source_magnitude_ab": 21.84418623935013,
    "F277W_source_magnitude_ab": 20.934269373815866,
    "F277W_magnification": 1.232876412779576,
    "F277W_max_lensed_source_signal_to_noise_ratio": 35.18352817049494,
    "F444W_lens_magnitude_ab": 19.35939337494689,
    "F444W_lensed_source_magnitude_ab": 22.55058519957741,
    "F444W_source_magnitude_ab": 23.187530619839603,
    "F444W_magnification": 1.2013074624673694,
    "F444W_max_lensed_source_signal_to_noise_ratio": 18.377598621992014,
    "F115W_lens_magnitude_ab": 21.294344446053238,
    "F115W_lensed_source_magnitude_ab": 22.60877696499992,
    "F115W_source_magnitude_ab": 23.226921035316295,
    "F115W_magnification": 1.195121923277758,
    "F115W_max_lensed_source_signal_to_noise_ratio": 11.334502260501532
}