{
    "einstein_radius": 0.7289530679657239,
    "F277W_lens_magnitude_ab": 17.67551485611635,
    "F277W_lensed_source_magnitude_ab": 23.664606038246276,
    "F277W_source_magnitude_ab": 24.497075311689642,
    "F277W_magnification": 4.8156711107195695,
    "F277W_max_lensed_source_signal_to_noise_ratio": 2.978051115235704,
    "F444W_lens_magnitude_ab": 17.490903485893334,
    "F444W_lensed_source_magnitude_ab": 23.172815174232714,
    "F444W_source_magnitude_ab": 24.04115113240291,
    "F444W_magnification": 3.9520346649048657,
    "F444W_max_lensed_source_signal_to_noise_ratio": 3.1699107205356283,
    "F150W_lens_magnitude_ab": 19.906641454844845,
    "F150W_lensed_source_magnitude_ab": 23.07187191249708,
    "F150W_source_magnitude_ab": 25.387693210641352,
    "F150W_magnification": 2.9233621149865314,
    "F150W_max_lensed_source_signal_to_noise_ratio": 1.7035628639902947,
    "F115W_lens_magnitude_ab": 20.504538424233296,
    "F115W_lensed_source_magnitude_ab": Infinity,
    "F115W_source_magnitude_ab": Infinity,
    "F115W_magnification": NaN,
    "F115W_max_lensed_source_signal_to_noise_ratio": 0.0
}