{
    "einstein_radius": 0.32652067485123537,
    "F277W_lens_magnitude_ab": 17.050092363172507,
    "F277W_lensed_source_magnitude_ab": 20.801446495365216,
    "F277W_source_magnitude_ab": 20.535982123056698,
    "F277W_magnification": 1.956560601766064,
    "F277W_max_lensed_source_signal_to_noise_ratio": 85.30041252256514,
    "F444W_lens_magnitude_ab": 17.738033721445845,
    "F444W_lensed_source_magnitude_ab": 20.724189837639038,
    "F444W_source_magnitude_ab": 20.716432367035196,
    "F444W_magnification": 2.196470629797691,
    "F444W_max_lensed_source_signal_to_noise_ratio": 93.2948062053834,
    "F150W_lens_magnitude_ab": 18.829296999012904,
    "F150W_lensed_source_magnitude_ab": 21.325027654613024,
    "F150W_source_magnitude_ab": 21.9598540262613,
    "F150W_magnification": 1.8472407811577625,
    "F150W_max_lensed_source_signal_to_noise_ratio": 39.40208450980286,
    "F115W_lens_magnitude_ab": 19.15140934861508,
    "F115W_lensed_source_magnitude_ab": 21.554863434181634,
    "F115W_source_magnitude_ab": 22.409893347881074,
    "F115W_magnification": 1.670777900838673,
    "F115W_max_lensed_source_signal_to_noise_ratio": 36.924995378638556
}