{
    "einstein_radius": 0.5891231045101567,
    "F444W_lens_magnitude_ab": 16.74798542547937,
    "F444W_lensed_source_magnitude_ab": 20.27595548236325,
    "F444W_source_magnitude_ab": 19.73317054133534,
    "F444W_magnification": 2.6567904564861697,
    "F444W_max_lensed_source_signal_to_noise_ratio": 53.13148078218357,
    "F277W_lens_magnitude_ab": 16.62438864067132,
    "F277W_lensed_source_magnitude_ab": 20.736977529581996,
    "F277W_source_magnitude_ab": 21.469308219533968,
    "F277W_magnification": 2.584870798114729,
    "F277W_max_lensed_source_signal_to_noise_ratio": 35.1274137678841
}