{
    "einstein_radius": 0.3947556186671376,
    "F277W_lens_magnitude_ab": 20.132400476630945,
    "F277W_lensed_source_magnitude_ab": 23.845434445192904,
    "F277W_source_magnitude_ab": 24.0638177779171,
    "F277W_magnification": 2.7133156100134403,
    "F277W_max_lensed_source_signal_to_noise_ratio": 6.672310362248126,
    "F444W_lens_magnitude_ab": 20.62576363060548,
    "F444W_lensed_source_magnitude_ab": 24.109257519429693,
    "F444W_source_magnitude_ab": 24.19238125856515,
    "F444W_magnification": 2.4199513479137185,
    "F444W_max_lensed_source_signal_to_noise_ratio": 6.14334835967046,
    "F150W_lens_magnitude_ab": 21.92587642427094,
    "F150W_lensed_source_magnitude_ab": 23.867987025458078,
    "F150W_source_magnitude_ab": 24.890211677109594,
    "F150W_magnification": 1.9599092664239584,
    "F150W_max_lensed_source_signal_to_noise_ratio": 3.88796588597321,
    "F115W_lens_magnitude_ab": 21.985708610407475,
    "F115W_lensed_source_magnitude_ab": 24.777997568028795,
    "F115W_source_magnitude_ab": 27.138566865279927,
    "F115W_magnification": 2.685480242819442,
    "F115W_max_lensed_source_signal_to_noise_ratio": 2.6617124279413704
}