{
    "einstein_radius": 0.5316244370129952,
    "F150W_lens_magnitude_ab": 21.41489455539739,
    "F150W_lensed_source_magnitude_ab": 23.00094989269948,
    "F150W_source_magnitude_ab": 23.497395581674418,
    "F150W_magnification": 2.9668527082357725,
    "F150W_max_lensed_source_signal_to_noise_ratio": 9.293093107454624,
    "F277W_lens_magnitude_ab": 19.56052283568784,
    "F277W_lensed_source_magnitude_ab": 23.248336504363053,
    "F277W_source_magnitude_ab": 23.292511501464375,
    "F277W_magnification": 6.235153763661502,
    "F277W_max_lensed_source_signal_to_noise_ratio": 7.213342605636117,
    "F444W_lens_magnitude_ab": 19.504766343764864,
    "F444W_lensed_source_magnitude_ab": 23.277897842497627,
    "F444W_source_magnitude_ab": 23.519495062378507,
    "F444W_magnification": 5.761584159670862,
    "F444W_max_lensed_source_signal_to_noise_ratio": 5.803980856668866,
    "F115W_lens_magnitude_ab": 21.652680028422466,
    "F115W_lensed_source_magnitude_ab": 23.16098359742695,
    "F115W_source_magnitude_ab": 23.884970314875602,
    "F115W_magnification": 3.85831818574725,
    "F115W_max_lensed_source_signal_to_noise_ratio": 7.062785803642092
}