{
    "einstein_radius": 0.3023692504413283,
    "F444W_lens_magnitude_ab": 19.003597754481852,
    "F444W_lensed_source_magnitude_ab": 23.973560452162683,
    "F444W_source_magnitude_ab": 23.59646045779045,
    "F444W_magnification": 3.212905960243909,
    "F444W_max_lensed_source_signal_to_noise_ratio": 8.12049619891075,
    "F277W_lens_magnitude_ab": 19.359885102603336,
    "F277W_lensed_source_magnitude_ab": 23.569967742028528,
    "F277W_source_magnitude_ab": 23.711238156692822,
    "F277W_magnification": 2.4309489406085403,
    "F277W_max_lensed_source_signal_to_noise_ratio": 11.7534358293249,
    "F150W_lens_magnitude_ab": 21.814014812240085,
    "F150W_lensed_source_magnitude_ab": 22.907180381236245,
    "F150W_source_magnitude_ab": 23.833833763825957,
    "F150W_magnification": 2.6190616835383294,
    "F150W_max_lensed_source_signal_to_noise_ratio": 7.494459786479004,
    "F115W_lens_magnitude_ab": 22.102434654971884,
    "F115W_lensed_source_magnitude_ab": 23.14638947663824,
    "F115W_source_magnitude_ab": 24.243247674164767,
    "F115W_magnification": 2.3209974194421394,
    "F115W_max_lensed_source_signal_to_noise_ratio": 5.4342127263952165
}