{
    "einstein_radius": 0.5786029114613084,
    "F150W_lens_magnitude_ab": 21.34003164790717,
    "F150W_lensed_source_magnitude_ab": 23.31628719805655,
    "F150W_source_magnitude_ab": 24.593525309790188,
    "F150W_magnification": 5.033577125644311,
    "F150W_max_lensed_source_signal_to_noise_ratio": 3.6484902454134467,
    "F277W_lens_magnitude_ab": 19.31714508917842,
    "F277W_lensed_source_magnitude_ab": 23.30071225220256,
    "F277W_source_magnitude_ab": 23.335864466827175,
    "F277W_magnification": 7.289946715476477,
    "F277W_max_lensed_source_signal_to_noise_ratio": 8.280610770503205,
    "F444W_lens_magnitude_ab": 19.33437257551582,
    "F444W_lensed_source_magnitude_ab": 23.293523201984538,
    "F444W_source_magnitude_ab": 23.691655896023317,
    "F444W_magnification": 4.94885092203372,
    "F444W_max_lensed_source_signal_to_noise_ratio": 5.925280431465257,
    "F115W_lens_magnitude_ab": 21.607855281612757,
    "F115W_lensed_source_magnitude_ab": 23.193067514235672,
    "F115W_source_magnitude_ab": 24.761107785175145,
    "F115W_magnification": 4.151419995635058,
    "F115W_max_lensed_source_signal_to_noise_ratio": 3.600841022261092
}