{
    "einstein_radius": 0.5780012978894679,
    "F444W_lens_magnitude_ab": 18.048399317374646,
    "F444W_lensed_source_magnitude_ab": 21.387418612680953,
    "F444W_source_magnitude_ab": 20.610427457080963,
    "F444W_magnification": 5.09944571779376,
    "F444W_max_lensed_source_signal_to_noise_ratio": 56.376306715056536,
    "F277W_lens_magnitude_ab": 18.018231922779847,
    "F277W_lensed_source_magnitude_ab": 22.589588690101472,
    "F277W_source_magnitude_ab": 22.769478878989496,
    "F277W_magnification": 5.0375337745290665,
    "F277W_max_lensed_source_signal_to_noise_ratio": 25.935666644549258,
    "F150W_lens_magnitude_ab": 20.54148265238193,
    "F150W_lensed_source_magnitude_ab": 23.957718476437304,
    "F150W_source_magnitude_ab": 24.472204886684942,
    "F150W_magnification": 3.4521940762114607,
    "F150W_max_lensed_source_signal_to_noise_ratio": 6.65726896890429,
    "F115W_lens_magnitude_ab": 21.109877622928234,
    "F115W_lensed_source_magnitude_ab": 24.071304523641047,
    "F115W_source_magnitude_ab": 24.009553561374425,
    "F115W_magnification": 3.2081897333597467,
    "F115W_max_lensed_source_signal_to_noise_ratio": 8.17368047602619
}