{
    "einstein_radius": 0.618530258043666,
    "F277W_lens_magnitude_ab": 19.29972251994216,
    "F277W_lensed_source_magnitude_ab": 22.688444535079825,
    "F277W_source_magnitude_ab": 22.764082742761193,
    "F277W_magnification": 3.153318375219272,
    "F277W_max_lensed_source_signal_to_noise_ratio": 19.66586473708994,
    "F444W_lens_magnitude_ab": 19.32800792283566,
    "F444W_lensed_source_magnitude_ab": 22.930454490224903,
    "F444W_source_magnitude_ab": 23.37919503475196,
    "F444W_magnification": 3.391531482149432,
    "F444W_max_lensed_source_signal_to_noise_ratio": 15.134503770785047,
    "F150W_lens_magnitude_ab": 21.695206134455674,
    "F150W_lensed_source_magnitude_ab": 23.403484751447927,
    "F150W_source_magnitude_ab": 24.54418226939933,
    "F150W_magnification": 3.462659941307577,
    "F150W_max_lensed_source_signal_to_noise_ratio": 4.621512857505959,
    "F115W_lens_magnitude_ab": 22.04071196145325,
    "F115W_lensed_source_magnitude_ab": 23.194750345307448,
    "F115W_source_magnitude_ab": 24.824691596142454,
    "F115W_magnification": 2.3985542783962392,
    "F115W_max_lensed_source_signal_to_noise_ratio": 3.39908559952121
}