{
    "einstein_radius": 0.3108107017414379,
    "F115W_lens_magnitude_ab": 19.542969537923536,
    "F115W_lensed_source_magnitude_ab": 21.808346452093353,
    "F115W_source_magnitude_ab": 22.671127629551826,
    "F115W_magnification": 2.1174206255422723,
    "F115W_max_lensed_source_signal_to_noise_ratio": 9.229344003658284,
    "F277W_lens_magnitude_ab": 16.951232757325432,
    "F277W_lensed_source_magnitude_ab": 21.410666307749835,
    "F277W_source_magnitude_ab": 21.518921997452846,
    "F277W_magnification": 2.835806122766068,
    "F277W_max_lensed_source_signal_to_noise_ratio": 23.12401552228227,
    "F444W_lens_magnitude_ab": 17.602986464110373,
    "F444W_lensed_source_magnitude_ab": 21.73552853124925,
    "F444W_source_magnitude_ab": 21.72105750536162,
    "F444W_magnification": 3.024927597921257,
    "F444W_max_lensed_source_signal_to_noise_ratio": 20.114785197295074,
    "F150W_lens_magnitude_ab": 19.137164436719814,
    "F150W_lensed_source_magnitude_ab": 21.61655754758801,
    "F150W_source_magnitude_ab": 22.62423964978244,
    "F150W_magnification": 1.9802405260250704,
    "F150W_max_lensed_source_signal_to_noise_ratio": 11.928667179977998
}