{
    "einstein_radius": 0.8230360409354394,
    "F150W_lens_magnitude_ab": 20.613191382705935,
    "F150W_lensed_source_magnitude_ab": 23.6439060813873,
    "F150W_source_magnitude_ab": 23.95867826744395,
    "F150W_magnification": 2.2854722896787623,
    "F150W_max_lensed_source_signal_to_noise_ratio": 7.38529444616315,
    "F277W_lens_magnitude_ab": 18.470150166020353,
    "F277W_lensed_source_magnitude_ab": 23.567470435068767,
    "F277W_source_magnitude_ab": 22.820420315873612,
    "F277W_magnification": 2.6390504979940164,
    "F277W_max_lensed_source_signal_to_noise_ratio": 11.827269326867848,
    "F444W_lens_magnitude_ab": 18.58925858098227,
    "F444W_lensed_source_magnitude_ab": 23.90669821813269,
    "F444W_source_magnitude_ab": 23.91891788298552,
    "F444W_magnification": 2.143626831952232,
    "F444W_max_lensed_source_signal_to_noise_ratio": 7.162837212418633,
    "F115W_lens_magnitude_ab": 21.083732022117353,
    "F115W_lensed_source_magnitude_ab": 23.711938731637687,
    "F115W_source_magnitude_ab": 23.40955199353141,
    "F115W_magnification": 1.8921296613591803,
    "F115W_max_lensed_source_signal_to_noise_ratio": 5.726850284326951
}