{
    "einstein_radius": 0.5245017248716326,
    "F115W_lens_magnitude_ab": 20.784368095753685,
    "F115W_lensed_source_magnitude_ab": 22.454426840668177,
    "F115W_source_magnitude_ab": 22.621341786623507,
    "F115W_magnification": 2.966743801076176,
    "F115W_max_lensed_source_signal_to_noise_ratio": 20.056714578316843,
    "F277W_lens_magnitude_ab": 17.80887142237723,
    "F277W_lensed_source_magnitude_ab": 21.073457938030064,
    "F277W_source_magnitude_ab": 18.72355938868376,
    "F277W_magnification": 2.8844199580778827,
    "F277W_max_lensed_source_signal_to_noise_ratio": 85.80387127637188,
    "F444W_lens_magnitude_ab": 18.27901213960319,
    "F444W_lensed_source_magnitude_ab": 20.89279837468018,
    "F444W_source_magnitude_ab": 17.909814132264305,
    "F444W_magnification": 2.836765584081941,
    "F444W_max_lensed_source_signal_to_noise_ratio": 107.40268591930008,
    "F150W_lens_magnitude_ab": 20.169598745653225,
    "F150W_lensed_source_magnitude_ab": 21.78370528466236,
    "F150W_source_magnitude_ab": 21.436601214292185,
    "F150W_magnification": 3.0514633033555794,
    "F150W_max_lensed_source_signal_to_noise_ratio": 40.94057226740683
}