{
    "einstein_radius": 0.41805219622443507,
    "F277W_lens_magnitude_ab": 19.35446654485881,
    "F277W_lensed_source_magnitude_ab": 23.482905589364677,
    "F277W_source_magnitude_ab": 23.552921692232793,
    "F277W_magnification": 5.191314479718131,
    "F277W_max_lensed_source_signal_to_noise_ratio": 6.199826438571875,
    "F444W_lens_magnitude_ab": 19.08234310272703,
    "F444W_lensed_source_magnitude_ab": 23.11282979190934,
    "F444W_source_magnitude_ab": 23.1893929127994,
    "F444W_magnification": 5.023117207075158,
    "F444W_max_lensed_source_signal_to_noise_ratio": 6.852666185075668,
    "F150W_lens_magnitude_ab": 21.798421956741503,
    "F150W_lensed_source_magnitude_ab": 23.396699142449982,
    "F150W_source_magnitude_ab": 24.201057532879435,
    "F150W_magnification": 3.906865370893638,
    "F150W_max_lensed_source_signal_to_noise_ratio": 5.3218325273089935,
    "F115W_lens_magnitude_ab": 22.245671452858637,
    "F115W_lensed_source_magnitude_ab": 23.55838193013569,
    "F115W_source_magnitude_ab": 24.71167397108335,
    "F115W_magnification": 3.8467749815026617,
    "F115W_max_lensed_source_signal_to_noise_ratio": 5.427919845143503
}