{
    "einstein_radius": 0.7904203340370174,
    "F150W_lens_magnitude_ab": 18.125249738741644,
    "F150W_lensed_source_magnitude_ab": 22.072803350131565,
    "F150W_source_magnitude_ab": 23.672471377929245,
    "F150W_magnification": 1.736402274229094,
    "F150W_max_lensed_source_signal_to_noise_ratio": 19.583343431283705,
    "F277W_lens_magnitude_ab": 16.0353847601033,
    "F277W_lensed_source_magnitude_ab": 22.619323392825024,
    "F277W_source_magnitude_ab": 22.89371164904686,
    "F277W_magnification": 1.6520282863842473,
    "F277W_max_lensed_source_signal_to_noise_ratio": 19.993532616372534,
    "F444W_lens_magnitude_ab": 16.687353878645375,
    "F444W_lensed_source_magnitude_ab": 23.814692124449074,
    "F444W_source_magnitude_ab": 23.98452620796005,
    "F444W_magnification": 1.6522449911814594,
    "F444W_max_lensed_source_signal_to_noise_ratio": 6.87270021771744,
    "F115W_lens_magnitude_ab": 18.679434866775757,
    "F115W_lensed_source_magnitude_ab": 21.919273700239458,
    "F115W_source_magnitude_ab": 23.988593541406093,
    "F115W_magnification": 1.7437899159045585,
    "F115W_max_lensed_source_signal_to_noise_ratio": 13.283130239793083
}