{
    "einstein_radius": 0.43416214040398865,
    "F150W_lens_magnitude_ab": 20.961784054483864,
    "F150W_lensed_source_magnitude_ab": 23.15772588750677,
    "F150W_source_magnitude_ab": 23.772987986557656,
    "F150W_magnification": 2.462377885799275,
    "F150W_max_lensed_source_signal_to_noise_ratio": 9.02907654294153,
    "F277W_lens_magnitude_ab": 19.178437400592465,
    "F277W_lensed_source_magnitude_ab": 23.434704182517795,
    "F277W_source_magnitude_ab": 23.307656957896967,
    "F277W_magnification": 2.6109999780006574,
    "F277W_max_lensed_source_signal_to_noise_ratio": 14.05282327554728,
    "F444W_lens_magnitude_ab": 19.708998734815445,
    "F444W_lensed_source_magnitude_ab": 24.470849231049815,
    "F444W_source_magnitude_ab": 24.34468481044865,
    "F444W_magnification": 2.9407149088843627,
    "F444W_max_lensed_source_signal_to_noise_ratio": 5.6085408758792425,
    "F115W_lens_magnitude_ab": 21.007027948725664,
    "F115W_lensed_source_magnitude_ab": 23.31138158299484,
    "F115W_source_magnitude_ab": 23.956523794799672,
    "F115W_magnification": 2.5348077167003575,
    "F115W_max_lensed_source_signal_to_noise_ratio": 8.256190965214804
}