{
    "einstein_radius": 0.30703339888967135,
    "F444W_lens_magnitude_ab": 19.17721147199559,
    "F444W_lensed_source_magnitude_ab": 21.786144513943604,
    "F444W_source_magnitude_ab": 21.644863994288986,
    "F444W_magnification": 3.596388863282042,
    "F444W_max_lensed_source_signal_to_noise_ratio": 22.216659383538495,
    "F277W_lens_magnitude_ab": 19.677973689861336,
    "F277W_lensed_source_magnitude_ab": 21.46161251423377,
    "F277W_source_magnitude_ab": 20.29053122267407,
    "F277W_magnification": 3.249723783123475,
    "F277W_max_lensed_source_signal_to_noise_ratio": 27.581627316265052,
    "F150W_lens_magnitude_ab": 21.39324225285753,
    "F150W_lensed_source_magnitude_ab": 22.40818088857002,
    "F150W_source_magnitude_ab": 24.29274498844012,
    "F150W_magnification": 2.8249145551644124,
    "F150W_max_lensed_source_signal_to_noise_ratio": 5.035268344431674,
    "F115W_lens_magnitude_ab": 21.613679886819636,
    "F115W_lensed_source_magnitude_ab": 22.873891534847182,
    "F115W_source_magnitude_ab": 23.824135819118005,
    "F115W_magnification": 3.0152188846585424,
    "F115W_max_lensed_source_signal_to_noise_ratio": 4.010575991873078
}