{
    "einstein_radius": 0.22975262748732314,
    "F444W_lens_magnitude_ab": 19.540000914439076,
    "F444W_lensed_source_magnitude_ab": 20.676899853382352,
    "F444W_source_magnitude_ab": 20.72486580308949,
    "F444W_magnification": 2.058990013295055,
    "F444W_max_lensed_source_signal_to_noise_ratio": 150.79745386620084,
    "F277W_lens_magnitude_ab": 19.279913258863093,
    "F277W_lensed_source_magnitude_ab": 21.651967461894515,
    "F277W_source_magnitude_ab": 21.88947530440607,
    "F277W_magnification": 1.9306571484080761,
    "F277W_max_lensed_source_signal_to_noise_ratio": 64.5228762584864,
    "F150W_lens_magnitude_ab": 21.3739881487441,
    "F150W_lensed_source_magnitude_ab": 23.03411902381523,
    "F150W_source_magnitude_ab": 24.36895565103563,
    "F150W_magnification": 1.74993686387314,
    "F150W_max_lensed_source_signal_to_noise_ratio": 6.480264488687965,
    "F115W_lens_magnitude_ab": 21.158626053807616,
    "F115W_lensed_source_magnitude_ab": 23.699502146915336,
    "F115W_source_magnitude_ab": 24.63344052939057,
    "F115W_magnification": 1.7206747452497153,
    "F115W_max_lensed_source_signal_to_noise_ratio": 5.723325304334471
}