{
    "einstein_radius": 0.3930154897316468,
    "F444W_lens_magnitude_ab": 15.105643097883565,
    "F444W_lensed_source_magnitude_ab": 18.576494058675213,
    "F444W_source_magnitude_ab": 19.184463268524286,
    "F444W_magnification": 1.8692423816494095,
    "F444W_max_lensed_source_signal_to_noise_ratio": 105.24974716175649,
    "F277W_lens_magnitude_ab": 14.679586257628984,
    "F277W_lensed_source_magnitude_ab": 18.212288735483284,
    "F277W_source_magnitude_ab": 19.170083135425436,
    "F277W_magnification": 2.129630176210566,
    "F277W_max_lensed_source_signal_to_noise_ratio": 66.89678252728659
}